
----------------------input_conv.weight----------------------
tensor([[[[ 7.3568e-02,  7.9868e-02, -2.2543e-02],
          [ 8.8393e-02, -2.1083e-02,  1.9417e-02],
          [-4.6848e-02,  5.6511e-02,  8.4827e-02]],

         [[-7.0593e-02,  8.3638e-02,  1.8009e-02],
          [ 7.1092e-02,  1.3031e-02,  4.6398e-02],
          [-1.3586e-02,  7.4179e-02,  1.4222e-02]],

         [[-4.4922e-02,  2.4527e-02, -4.4334e-02],
          [-1.1285e-02, -3.9083e-02,  6.3833e-02],
          [-7.5957e-02, -4.4361e-02, -2.7172e-02]],

         ...,

         [[-6.5598e-02,  5.1054e-02, -3.8895e-02],
          [ 5.8400e-02, -2.2835e-02,  5.5044e-02],
          [-7.4764e-02, -4.8560e-02,  2.9335e-02]],

         [[ 2.0343e-02, -2.4533e-02,  5.7357e-02],
          [ 6.5415e-02, -6.9780e-02, -5.1371e-02],
          [ 8.8110e-02, -3.2469e-02, -3.4113e-02]],

         [[-9.3107e-02, -5.5105e-02,  2.4037e-02],
          [-1.2701e-02, -6.9848e-02,  2.2572e-03],
          [-6.5730e-02, -8.1637e-02, -5.2988e-02]]],


        [[[-8.4217e-02, -6.1270e-02,  9.6187e-02],
          [ 1.8174e-02,  2.9653e-02, -8.9748e-02],
          [-6.3198e-02, -3.2029e-02,  1.5047e-02]],

         [[-8.4670e-02, -4.1461e-02, -5.7607e-02],
          [ 2.6668e-04, -3.5806e-02, -6.6680e-03],
          [-6.5205e-02, -6.6048e-02, -5.6138e-02]],

         [[-3.2938e-02, -7.5949e-02,  8.0682e-02],
          [-1.9097e-02,  8.2792e-02,  2.9982e-02],
          [-8.1483e-02,  6.6591e-02, -2.6476e-02]],

         ...,

         [[ 1.0294e-02, -1.6999e-02, -2.8675e-02],
          [ 6.1508e-02,  8.2696e-02, -9.5260e-03],
          [-2.1544e-02,  1.4042e-03, -5.7454e-03]],

         [[ 2.3134e-02,  2.6965e-02, -8.7397e-02],
          [-3.5511e-02,  8.1034e-02,  3.7485e-02],
          [-4.7861e-03, -5.8015e-02, -5.8871e-02]],

         [[-8.6195e-02, -3.1366e-02,  3.2496e-02],
          [ 6.1355e-02,  4.4427e-02, -8.5058e-02],
          [-5.7866e-02, -1.5186e-02,  9.3083e-02]]],


        [[[ 1.3920e-02, -2.4919e-02,  3.9810e-02],
          [-3.6650e-02, -6.2282e-02,  7.0233e-02],
          [-4.3754e-02, -1.9290e-02, -9.5725e-02]],

         [[ 6.4401e-02,  7.2903e-02,  3.5069e-02],
          [-6.7095e-02, -9.4968e-02, -7.8152e-02],
          [ 7.1755e-02,  4.6198e-02,  8.0974e-02]],

         [[ 5.0409e-02,  2.4354e-02, -9.4237e-04],
          [-7.3180e-02, -8.2443e-02, -9.0004e-02],
          [ 3.9391e-02, -4.7243e-02, -1.9366e-02]],

         ...,

         [[-7.5078e-03, -3.2044e-02, -3.1131e-02],
          [ 3.0918e-03, -2.0411e-02, -3.3131e-02],
          [-4.6073e-02, -7.8311e-02,  8.0685e-02]],

         [[-3.8508e-02,  2.5498e-02, -3.3387e-02],
          [ 7.8191e-03,  8.9711e-02,  4.4333e-02],
          [-8.3389e-02,  3.8192e-02,  9.1341e-02]],

         [[ 2.5315e-02,  6.4512e-02,  9.4867e-02],
          [-1.4745e-02,  1.9972e-02, -6.6880e-02],
          [-1.9830e-02,  7.1263e-02,  4.9329e-02]]],


        ...,


        [[[ 7.5588e-02, -5.0101e-02, -8.2694e-03],
          [-4.5425e-02,  4.0025e-02, -3.3831e-02],
          [ 2.9352e-02,  5.7472e-03, -6.3168e-02]],

         [[-6.4692e-02, -9.3986e-02, -5.3828e-02],
          [ 2.6879e-02,  5.8606e-03,  7.2370e-02],
          [-8.4612e-02, -2.8138e-03, -8.6280e-02]],

         [[ 5.6094e-04,  3.5055e-02, -8.6318e-02],
          [ 8.4979e-02, -2.9889e-02,  8.5256e-02],
          [-1.6154e-02,  5.4587e-02,  8.7473e-02]],

         ...,

         [[-1.5733e-02,  7.5294e-02,  7.7454e-02],
          [ 6.3559e-02,  7.3715e-02, -4.9454e-02],
          [-1.6605e-02, -3.8447e-02,  5.0007e-02]],

         [[ 2.3980e-02, -7.4329e-02, -1.2087e-02],
          [-7.8467e-02, -9.0559e-02,  8.7721e-02],
          [-4.8403e-02,  4.2948e-02, -2.1427e-02]],

         [[-1.9485e-02, -6.2074e-05,  7.5049e-02],
          [-1.3311e-02,  7.9623e-02,  5.6302e-02],
          [ 6.6011e-02, -8.7270e-02, -4.4994e-02]]],


        [[[-7.8397e-02, -2.0437e-02, -1.9930e-02],
          [ 1.9553e-02,  8.6215e-02,  4.3196e-02],
          [-6.6959e-02, -6.0347e-02,  7.2660e-02]],

         [[ 9.5786e-03,  2.7184e-02, -5.0329e-02],
          [-1.1735e-02,  2.7396e-02, -6.3145e-02],
          [ 6.2802e-02,  4.7953e-02, -5.6116e-02]],

         [[-3.9460e-02, -2.2623e-02,  1.4975e-02],
          [-3.5297e-02,  9.2051e-02, -9.2685e-02],
          [-5.4386e-02, -5.8407e-02,  2.6017e-02]],

         ...,

         [[ 1.4277e-02, -9.3543e-02, -1.7006e-02],
          [-2.6107e-02, -4.1060e-02, -5.3376e-02],
          [-7.8064e-02,  9.4772e-02, -8.7893e-02]],

         [[ 8.9449e-02, -7.5643e-02, -2.3346e-02],
          [-3.9420e-02, -5.1504e-02,  3.4211e-02],
          [ 5.5772e-02, -6.3210e-02, -4.4817e-02]],

         [[ 4.9116e-02, -1.1631e-02,  2.3435e-02],
          [ 5.0312e-02, -3.5568e-02, -5.3402e-02],
          [ 3.5420e-02, -3.5237e-02, -6.4051e-02]]],


        [[[-4.8538e-02, -4.4742e-02,  9.5813e-02],
          [ 1.8505e-02,  4.1441e-02,  1.2925e-02],
          [-6.4870e-02,  6.9440e-02, -1.4959e-02]],

         [[-2.4916e-02,  7.8419e-02, -4.9018e-02],
          [ 1.9538e-02, -8.1857e-02,  4.9307e-02],
          [ 3.8221e-02, -7.9126e-02,  5.3706e-02]],

         [[ 1.0588e-02, -4.9688e-02,  8.2044e-02],
          [ 4.1325e-02,  3.3814e-02, -3.5741e-02],
          [-5.2763e-02, -5.1777e-02,  3.6151e-02]],

         ...,

         [[-8.5063e-02,  3.5750e-02, -7.9116e-02],
          [ 5.6159e-02,  1.7593e-02,  8.2562e-02],
          [-7.2576e-02,  6.1929e-02, -6.4218e-02]],

         [[-5.1940e-02,  3.6600e-02, -1.6196e-02],
          [-7.5973e-02, -8.1879e-02, -2.4982e-02],
          [ 2.6643e-02,  8.4520e-02,  7.0769e-02]],

         [[ 1.5768e-03, -5.9024e-02, -8.5790e-02],
          [ 8.5968e-02, -5.3650e-02, -1.6923e-02],
          [-7.7645e-02, -6.6512e-02,  1.8671e-02]]]], device='cuda:0')

----------------------input_conv.bias----------------------
tensor([-0.0238,  0.0110, -0.0007,  0.0049, -0.0191, -0.0037,  0.0418,  0.0703,
         0.0813, -0.0785, -0.0813, -0.0144, -0.0073,  0.0531,  0.0906,  0.0247,
        -0.0683, -0.0109,  0.0622,  0.0355, -0.0681,  0.0056, -0.0929, -0.0388,
         0.0673, -0.0417,  0.0587, -0.0785,  0.0851,  0.0459,  0.0624,  0.0263],
       device='cuda:0')

----------------------body.0.weight----------------------
tensor([[[[ 4.1747e-03, -2.9020e-02, -3.2515e-02],
          [-4.0465e-02,  4.8699e-02, -2.0452e-02],
          [ 1.4355e-03, -5.5396e-02,  1.5815e-02]],

         [[-2.0087e-02, -4.7130e-02,  7.2928e-03],
          [-5.4283e-02, -5.8057e-03, -4.8121e-02],
          [ 3.7253e-02, -4.6797e-02,  9.6240e-03]],

         [[ 2.9177e-02, -4.7082e-02,  3.8146e-02],
          [ 4.7990e-02, -3.6121e-02,  4.9342e-03],
          [ 1.7869e-02,  4.8802e-02,  4.6037e-02]],

         ...,

         [[ 3.9434e-02,  3.6855e-02, -4.7687e-02],
          [-4.3722e-02, -2.1627e-02, -4.2391e-02],
          [ 1.8475e-02, -3.8607e-02, -4.4988e-02]],

         [[ 1.7163e-02,  3.5563e-02, -1.7131e-02],
          [-5.8717e-02,  8.3280e-03,  3.0197e-02],
          [ 4.6031e-02,  5.5909e-03,  4.0908e-02]],

         [[-5.2688e-02,  5.6373e-02, -3.8050e-02],
          [-4.0221e-02,  4.2289e-02, -1.3094e-02],
          [ 3.6365e-02, -4.1273e-02,  4.4582e-02]]],


        [[[ 5.5885e-02,  1.7842e-02,  4.7535e-02],
          [-4.2080e-02, -1.3011e-02,  1.7936e-02],
          [ 3.3298e-02, -3.1464e-02,  3.7496e-02]],

         [[-1.9394e-02, -3.1452e-02,  1.1527e-02],
          [-4.6935e-02, -5.4082e-02,  1.9593e-02],
          [ 2.0071e-02,  2.2660e-02, -7.7274e-03]],

         [[-4.3094e-02, -4.7337e-02,  5.6386e-02],
          [-5.1084e-02,  1.7760e-02,  4.7858e-02],
          [ 4.5018e-02, -3.7153e-02, -1.9000e-02]],

         ...,

         [[ 8.0987e-04,  5.0694e-02, -1.5313e-02],
          [ 1.5199e-02,  3.1228e-02, -1.1426e-02],
          [ 3.8504e-02,  3.8484e-02,  2.6239e-02]],

         [[-1.4376e-02,  5.1183e-02, -3.4049e-02],
          [ 1.8212e-02,  1.1832e-02,  4.1591e-02],
          [-4.8299e-02,  1.0273e-02, -3.3935e-02]],

         [[ 3.1232e-02,  2.0235e-02, -4.5837e-02],
          [-3.6891e-03,  1.6483e-02,  2.5102e-02],
          [ 5.2422e-02,  2.6463e-02,  1.1238e-02]]],


        [[[ 3.1434e-02, -5.5756e-02,  3.9289e-02],
          [-6.9264e-03,  3.3351e-02,  1.6876e-02],
          [-3.1057e-03,  4.1480e-02, -3.4349e-02]],

         [[ 1.6617e-02,  2.5832e-02, -2.0971e-02],
          [ 2.1347e-02, -5.8286e-02, -2.9761e-02],
          [ 2.8650e-02,  3.0371e-02, -5.4088e-02]],

         [[ 2.0392e-02,  5.5407e-03,  5.7520e-02],
          [-5.7475e-02, -1.4044e-02, -3.3372e-02],
          [-3.5855e-02, -9.6241e-03, -5.4157e-02]],

         ...,

         [[ 5.2531e-02, -1.0533e-02, -1.3412e-02],
          [ 1.7626e-02,  5.8549e-02,  1.7785e-02],
          [-5.6849e-02, -1.8805e-02,  5.4876e-02]],

         [[-2.0767e-02, -2.8348e-02, -4.6968e-02],
          [-3.2527e-02, -3.2217e-02,  1.4074e-02],
          [ 2.3543e-02,  5.6237e-02,  3.8671e-02]],

         [[ 8.7515e-04,  3.1783e-02,  3.3685e-02],
          [-5.0820e-02,  2.9738e-02, -4.0304e-02],
          [ 4.5507e-02, -2.5625e-02,  1.2231e-02]]],


        ...,


        [[[-5.5687e-02, -5.4184e-02, -2.8970e-02],
          [-5.9828e-03,  2.8868e-02, -2.0447e-02],
          [ 4.6640e-02,  4.8199e-02,  3.9638e-02]],

         [[-4.7646e-02,  2.3065e-02,  3.3472e-02],
          [ 4.3165e-02, -5.3257e-02, -1.2321e-02],
          [-2.9897e-02, -2.2172e-02,  1.7163e-02]],

         [[-3.2894e-03,  2.5589e-02, -4.3789e-02],
          [-1.8333e-02,  2.5241e-02, -2.1743e-02],
          [ 7.2590e-03, -3.9363e-02,  5.0862e-02]],

         ...,

         [[ 4.7936e-03, -2.6935e-02,  3.9372e-02],
          [-4.2857e-02, -8.9169e-04,  4.8641e-02],
          [ 1.2412e-02, -4.2430e-02,  5.8516e-02]],

         [[-3.4934e-02, -2.5050e-02,  3.6185e-02],
          [-3.5430e-02,  2.3570e-03,  2.1741e-02],
          [ 3.2640e-02, -3.6434e-02,  5.6219e-02]],

         [[ 4.3842e-02, -2.3441e-02,  3.4979e-04],
          [-2.0655e-02, -3.0373e-02,  5.1094e-02],
          [ 4.3802e-02,  1.5289e-02,  5.3006e-02]]],


        [[[-5.7237e-02,  4.3469e-03, -2.9168e-02],
          [ 3.1934e-02,  4.6654e-03, -4.6305e-02],
          [ 1.8456e-03,  2.4146e-02, -1.8129e-02]],

         [[-5.5759e-03, -4.1913e-02,  5.0785e-02],
          [-5.7042e-02, -3.4875e-02, -4.6490e-02],
          [-2.6202e-02, -3.2058e-02,  1.8590e-02]],

         [[ 5.0939e-02,  2.5623e-03,  1.3490e-02],
          [ 4.4510e-02, -5.8835e-02,  3.9203e-03],
          [ 2.6537e-02,  1.0759e-02, -2.4536e-02]],

         ...,

         [[ 2.2165e-05,  4.6903e-02, -4.0260e-02],
          [-2.1060e-02,  2.1307e-02,  1.1972e-02],
          [ 5.5391e-02,  9.7047e-03, -4.5154e-04]],

         [[ 7.7444e-03, -1.2120e-02, -5.4247e-02],
          [-2.0668e-02, -5.3416e-02,  4.3115e-02],
          [ 3.5653e-03,  6.8614e-03, -4.0896e-03]],

         [[-3.0234e-02, -4.1571e-02, -9.0194e-03],
          [ 1.7829e-02, -3.2246e-02, -3.6456e-02],
          [ 3.8284e-02, -2.0459e-02,  3.3197e-02]]],


        [[[ 5.6410e-02,  5.5383e-02, -4.5559e-02],
          [ 4.3696e-03, -4.6204e-02,  2.4310e-03],
          [ 8.1934e-03, -2.5505e-02,  1.7488e-02]],

         [[-1.8473e-02,  3.3199e-02,  5.6175e-04],
          [ 4.0902e-02,  3.9828e-02,  1.3158e-02],
          [ 1.1001e-02, -2.6670e-02, -3.8912e-02]],

         [[ 3.9728e-02,  3.8886e-02,  9.2407e-03],
          [ 4.9440e-02,  3.0768e-02,  3.8492e-02],
          [-1.1302e-02,  8.4231e-03, -5.2980e-02]],

         ...,

         [[-2.3690e-03, -2.5030e-02, -3.6136e-02],
          [-1.7620e-02,  5.1403e-02, -3.7618e-02],
          [-5.4562e-02,  1.7528e-02,  1.9977e-02]],

         [[-4.9925e-02, -2.6450e-02,  5.1076e-02],
          [-2.7853e-02,  2.4723e-02, -2.8286e-02],
          [-5.2020e-02, -5.6843e-02,  4.4948e-02]],

         [[ 1.8061e-02,  1.6754e-02,  2.0277e-02],
          [ 2.2705e-02,  3.8897e-02,  4.5204e-02],
          [ 4.5435e-02,  1.8931e-02,  1.0519e-02]]]], device='cuda:0')

----------------------body.0.bias----------------------
tensor([ 0.0126, -0.0477,  0.0263,  0.0145,  0.0256, -0.0145,  0.0489,  0.0071,
        -0.0140, -0.0017, -0.0235, -0.0087,  0.0500,  0.0196, -0.0066,  0.0022,
         0.0135, -0.0340, -0.0323,  0.0519,  0.0003,  0.0175, -0.0271, -0.0433,
         0.0117,  0.0318, -0.0555, -0.0583, -0.0197,  0.0381, -0.0527,  0.0471],
       device='cuda:0')

----------------------body.2.weight----------------------
tensor([[[[ 5.3289e-02, -1.3224e-02,  3.7639e-03],
          [-2.4337e-03,  5.7409e-02,  6.5482e-03],
          [ 1.4398e-02, -2.0162e-02, -7.1971e-04]],

         [[-3.1249e-02,  2.9615e-03, -8.1775e-03],
          [ 1.0982e-02,  1.1455e-02, -4.8213e-02],
          [ 3.9367e-02,  3.2412e-02,  4.1508e-02]],

         [[ 4.3393e-02,  1.5201e-02,  3.2209e-02],
          [ 2.9041e-02,  3.5130e-02, -3.5488e-02],
          [ 2.7916e-02, -4.7242e-03,  2.2789e-02]],

         ...,

         [[-3.2456e-02,  3.5424e-02,  2.0297e-03],
          [ 9.8420e-05,  7.9548e-03, -4.4732e-04],
          [ 2.9121e-02, -4.7153e-03, -2.0807e-02]],

         [[ 6.1429e-03, -3.4503e-02,  2.3586e-02],
          [ 5.9273e-03,  2.9725e-02, -1.0333e-02],
          [-3.3294e-04, -2.8059e-02, -2.6453e-02]],

         [[ 1.4561e-03,  3.0163e-02, -2.2296e-02],
          [ 4.6307e-02, -1.9896e-02, -1.2115e-02],
          [ 4.7216e-02, -1.0697e-02,  3.2046e-02]]],


        [[[-5.8020e-03,  3.5025e-02,  7.6638e-03],
          [-2.7766e-02, -3.8816e-02,  3.4980e-02],
          [ 1.4481e-02, -9.1518e-03, -1.1258e-02]],

         [[-2.4460e-02, -4.0814e-02,  1.3072e-02],
          [-5.0103e-02, -7.8181e-04,  4.2109e-02],
          [ 2.6884e-02,  3.1835e-02,  1.0892e-02]],

         [[-3.2960e-02,  3.0038e-02,  4.5983e-02],
          [ 2.4118e-02,  4.1044e-02, -4.7579e-02],
          [-5.1275e-02, -1.3647e-02,  1.5505e-02]],

         ...,

         [[ 5.4969e-03, -5.2399e-02, -3.9238e-02],
          [ 2.7249e-03, -1.5615e-02, -4.5577e-02],
          [-1.7856e-02, -5.4116e-02, -6.7284e-03]],

         [[-6.8684e-03,  3.0888e-03,  5.0049e-03],
          [-1.0264e-02,  4.7025e-02, -2.1097e-02],
          [ 2.6629e-02,  2.2247e-02, -7.2226e-03]],

         [[-4.3183e-02, -4.9651e-02,  1.6311e-02],
          [ 1.8016e-02,  3.5739e-02, -2.6083e-02],
          [ 4.7575e-02,  5.8918e-02, -9.3722e-03]]],


        [[[-2.2963e-02, -1.8509e-02, -5.1230e-02],
          [ 3.3970e-02,  6.4219e-03,  2.7148e-02],
          [ 3.7860e-02, -2.5024e-02,  5.4877e-04]],

         [[ 4.7635e-02, -4.5425e-02,  5.1808e-02],
          [ 3.0642e-02, -1.8505e-02, -4.8112e-02],
          [ 3.1474e-02,  2.8114e-02, -2.6684e-02]],

         [[ 2.8057e-02,  1.7492e-02,  5.8007e-02],
          [ 3.0145e-02,  9.1009e-03, -5.8322e-02],
          [ 4.7960e-02,  5.0596e-02, -1.6330e-02]],

         ...,

         [[ 5.3149e-02, -4.6677e-02,  1.6663e-02],
          [ 2.9293e-02, -5.1142e-03,  5.1810e-02],
          [-5.4802e-02, -8.5540e-03, -3.1004e-02]],

         [[ 2.3217e-02,  5.7615e-02, -5.7681e-02],
          [-2.6267e-02, -4.3637e-02, -3.3051e-02],
          [ 1.7814e-02,  8.6872e-04, -4.6153e-02]],

         [[-3.6133e-02, -3.8591e-02,  4.4718e-03],
          [-4.8527e-02, -4.6073e-02, -4.7209e-02],
          [ 4.7529e-02,  4.3039e-02, -2.7880e-02]]],


        ...,


        [[[ 3.2472e-02, -4.7256e-02,  3.8244e-02],
          [ 1.7589e-02,  5.7350e-02,  2.5959e-03],
          [ 5.8841e-03,  1.3551e-02,  4.7659e-02]],

         [[-4.9083e-02,  3.2581e-02,  3.3914e-02],
          [-4.7507e-03, -4.0063e-02,  4.5499e-02],
          [ 3.5857e-02, -1.3653e-02,  1.0240e-02]],

         [[-1.8044e-02, -2.6552e-02,  5.8533e-02],
          [ 2.3719e-02,  3.7523e-03,  3.7459e-02],
          [ 3.9433e-02,  3.1528e-02,  2.6233e-02]],

         ...,

         [[ 1.5625e-02,  9.6888e-03,  4.7591e-02],
          [-5.7881e-02,  6.2014e-03, -3.2330e-02],
          [-2.6352e-02, -3.7805e-02, -1.3850e-02]],

         [[-5.5253e-02, -5.4714e-02,  3.9744e-02],
          [ 3.6116e-02, -2.2089e-02, -1.9257e-02],
          [-2.0983e-02,  1.4559e-02, -2.3411e-02]],

         [[ 2.4305e-02, -1.4642e-04,  1.4991e-02],
          [-2.9588e-02, -2.9119e-02,  2.5278e-02],
          [ 4.4948e-02, -3.1946e-02,  3.0740e-02]]],


        [[[-4.2465e-03,  5.8103e-02, -2.5303e-02],
          [ 5.0055e-02,  2.4219e-02,  4.5473e-02],
          [-3.3194e-04,  3.9934e-02,  6.1636e-04]],

         [[ 8.8718e-04, -1.0390e-02,  1.6870e-02],
          [ 5.6801e-02,  4.7188e-02, -3.2392e-02],
          [-2.4566e-02,  3.2072e-02, -2.2416e-02]],

         [[-1.8855e-02,  1.2558e-02, -3.3740e-02],
          [-4.2649e-02,  4.7368e-02, -5.3311e-02],
          [-3.5559e-02,  2.6615e-02, -8.5513e-03]],

         ...,

         [[ 3.9765e-02, -5.7179e-02,  1.3714e-02],
          [-2.9494e-03, -1.3631e-03, -4.2932e-02],
          [-6.3853e-03, -1.3293e-02, -2.0079e-02]],

         [[ 4.9000e-02, -5.2462e-02,  5.9025e-03],
          [ 2.6407e-02,  1.1213e-02,  4.0565e-02],
          [ 7.2897e-03,  3.6765e-02,  2.7737e-02]],

         [[-3.9143e-02, -5.0650e-02, -2.9394e-02],
          [-3.4173e-02, -4.4124e-02,  1.2874e-02],
          [-4.5956e-02, -4.2961e-02, -2.0282e-02]]],


        [[[-5.5570e-02, -3.6924e-02, -1.3006e-02],
          [ 3.7295e-03,  2.5096e-02,  5.2340e-02],
          [-1.1693e-02, -3.4877e-02, -3.6758e-02]],

         [[-4.2646e-02,  3.7989e-02,  5.2061e-02],
          [ 1.4729e-02,  1.4483e-02,  1.9223e-02],
          [ 3.9712e-02,  3.2944e-02,  3.9219e-02]],

         [[ 2.0063e-02,  7.4016e-03, -1.5459e-02],
          [ 3.6593e-02,  1.6931e-02,  3.6524e-02],
          [ 5.6115e-02,  4.4095e-02,  5.4271e-02]],

         ...,

         [[ 1.6987e-02,  1.1773e-02, -4.7548e-02],
          [-3.3882e-02,  5.7217e-02, -4.1533e-03],
          [-8.0676e-03, -2.6608e-02,  2.2009e-02]],

         [[ 2.2255e-02,  2.2886e-02, -2.1387e-02],
          [ 2.9726e-02,  3.8010e-02,  5.5073e-02],
          [-5.6137e-02,  2.1571e-02, -2.1173e-02]],

         [[-1.6701e-02, -4.3125e-02,  1.6739e-02],
          [-4.7099e-02, -3.4594e-02, -2.5624e-03],
          [ 2.1574e-02,  2.6040e-02,  3.7122e-02]]]], device='cuda:0')

----------------------body.2.bias----------------------
tensor([-0.0582, -0.0282,  0.0100, -0.0421, -0.0320, -0.0239,  0.0294,  0.0258,
        -0.0225, -0.0299,  0.0119,  0.0172,  0.0527,  0.0422, -0.0161, -0.0047,
         0.0319,  0.0131,  0.0287,  0.0543,  0.0203, -0.0040, -0.0576, -0.0272,
         0.0277,  0.0536,  0.0199, -0.0411, -0.0476,  0.0567, -0.0178, -0.0150],
       device='cuda:0')

----------------------body.4.weight----------------------
tensor([[[[-1.1774e-02,  3.3725e-02,  5.2835e-02],
          [ 2.0583e-02,  3.8321e-02,  5.1535e-02],
          [-5.6813e-02, -2.3495e-02, -3.0981e-02]],

         [[ 2.9861e-02,  4.1977e-02,  8.0607e-03],
          [ 3.9757e-02, -5.5287e-02, -1.1109e-02],
          [ 6.4734e-03, -5.2065e-03,  4.5326e-02]],

         [[-2.3323e-02,  4.8289e-02, -1.6714e-02],
          [ 3.2031e-03,  1.0031e-02,  4.9777e-02],
          [-1.1634e-02, -4.0804e-03,  4.1952e-02]],

         ...,

         [[-6.9967e-03, -1.6221e-02,  4.6669e-02],
          [ 1.7492e-02,  6.4063e-03,  5.3042e-02],
          [-2.9592e-02,  4.6795e-02,  2.9454e-02]],

         [[-3.7681e-02,  5.3869e-02,  2.0419e-02],
          [-4.2795e-02,  5.0469e-02, -4.8053e-02],
          [ 7.9651e-03,  2.6983e-02,  3.1380e-02]],

         [[-5.1896e-02,  5.1603e-02,  5.1590e-02],
          [ 3.4508e-02,  2.0175e-02, -3.7865e-02],
          [ 4.4251e-02,  3.6248e-03, -8.4288e-03]]],


        [[[-1.8612e-02,  3.7907e-03, -1.2287e-02],
          [-4.4090e-02, -3.8575e-02, -2.0888e-02],
          [-1.0672e-02, -3.0431e-02, -1.7062e-02]],

         [[-4.5138e-02, -4.1783e-02,  3.5253e-02],
          [-1.8352e-02, -1.8788e-02,  1.5811e-05],
          [ 9.2872e-03, -3.8221e-02,  2.6881e-02]],

         [[ 2.5288e-02,  2.6200e-02, -4.2865e-02],
          [ 5.3093e-02,  3.1888e-02,  1.6786e-02],
          [ 3.2470e-02, -3.3581e-02,  2.2691e-02]],

         ...,

         [[ 4.7831e-02, -1.8441e-02,  5.3244e-02],
          [ 3.1420e-02,  2.0673e-02,  2.4774e-02],
          [-9.4323e-03, -1.4970e-02, -1.9884e-02]],

         [[-5.5199e-02, -1.8442e-02, -3.2263e-02],
          [-5.0132e-02, -4.4407e-02,  5.1220e-02],
          [ 3.1379e-03,  4.6891e-02,  3.6275e-02]],

         [[ 2.1990e-02, -4.6763e-02, -2.1452e-02],
          [ 2.1842e-02,  1.4244e-02, -4.8694e-02],
          [ 5.6616e-02,  4.7793e-02,  2.3353e-02]]],


        [[[-3.5824e-02,  2.6550e-02,  3.5295e-02],
          [ 2.6170e-02, -3.0331e-02,  6.8392e-04],
          [-4.6141e-02, -3.1184e-02, -3.4359e-02]],

         [[ 4.7908e-02, -4.3546e-02,  2.0497e-02],
          [ 5.6395e-04, -3.2520e-03,  1.5399e-02],
          [-4.3129e-02,  2.7112e-02,  4.2055e-02]],

         [[-5.6229e-02,  2.9282e-02, -6.6852e-03],
          [ 1.0836e-02, -1.2673e-02,  1.4580e-02],
          [ 3.3083e-02, -2.0242e-02, -5.1741e-02]],

         ...,

         [[ 1.4261e-02,  2.0907e-02, -3.5749e-03],
          [ 1.4985e-02,  1.5032e-02, -2.5354e-02],
          [ 4.9099e-02, -2.9911e-03, -7.3450e-04]],

         [[-3.7988e-02,  4.3431e-02,  5.1778e-02],
          [ 1.3309e-02, -3.7632e-02, -3.4787e-02],
          [-5.7549e-02, -4.5765e-03,  2.8681e-02]],

         [[-3.2612e-02, -2.9942e-02, -3.4296e-02],
          [ 1.0570e-02,  2.8785e-02, -4.3879e-02],
          [-3.0272e-02,  2.3883e-02,  4.3131e-02]]],


        ...,


        [[[ 5.6278e-02, -5.1871e-02, -2.9991e-02],
          [ 6.9241e-03, -2.0347e-02,  5.9403e-03],
          [ 3.4192e-02,  1.5084e-03,  3.7511e-02]],

         [[-4.2824e-02, -4.4721e-02, -4.9858e-02],
          [ 9.8812e-03, -4.1183e-02,  4.3062e-02],
          [ 2.7474e-02,  1.7623e-02, -7.9688e-03]],

         [[-4.4439e-02,  5.1252e-03, -5.1057e-02],
          [-5.5866e-02, -2.8165e-02, -2.8118e-02],
          [-4.4174e-02,  6.0217e-03, -5.6616e-02]],

         ...,

         [[-1.8693e-02, -1.3384e-02,  5.3229e-02],
          [-2.0714e-02,  2.1624e-03,  9.5600e-03],
          [ 5.7655e-02, -5.9064e-03,  3.5256e-02]],

         [[ 3.0117e-02, -6.1325e-03, -1.3832e-02],
          [-5.2600e-02, -2.4892e-03, -4.0418e-02],
          [ 2.6036e-03, -3.2511e-02, -1.2547e-02]],

         [[-3.6452e-02,  2.2724e-02,  3.6160e-02],
          [-2.0698e-02, -5.8276e-02, -2.2656e-02],
          [ 4.6383e-02,  4.4080e-02, -4.2104e-02]]],


        [[[ 5.1726e-03,  8.6303e-03, -3.7887e-02],
          [-9.9994e-03,  4.1054e-02,  5.6524e-02],
          [ 8.6073e-03, -4.4843e-02,  4.6749e-03]],

         [[ 8.9524e-03,  2.1886e-02,  2.6062e-03],
          [ 4.3632e-02, -2.0176e-02, -5.3705e-02],
          [-3.6746e-02, -1.4102e-02, -2.7480e-02]],

         [[-5.7213e-02,  1.6478e-02,  5.3499e-02],
          [ 7.4361e-03, -2.0125e-03,  3.2348e-03],
          [-4.4766e-02, -4.1732e-02,  1.9854e-02]],

         ...,

         [[ 3.0834e-03,  4.3673e-02, -2.2647e-02],
          [-4.3413e-02,  3.8941e-02, -3.1177e-02],
          [-1.2431e-02,  3.0695e-02,  1.0401e-02]],

         [[ 2.6214e-02, -5.5379e-02, -4.0149e-02],
          [ 4.3905e-02,  4.4987e-02,  8.0933e-03],
          [ 5.2849e-02, -1.1180e-02,  4.8152e-02]],

         [[-3.9690e-02, -4.7603e-02,  1.8113e-02],
          [-3.2679e-02,  1.2206e-02,  2.4217e-02],
          [ 5.3023e-02, -4.3712e-02, -3.4924e-02]]],


        [[[ 3.5621e-02,  5.8664e-03,  9.7256e-03],
          [-1.1865e-02,  5.4899e-02, -9.0577e-03],
          [-2.5958e-02,  5.0527e-02, -1.0980e-02]],

         [[ 3.0720e-02, -2.6638e-02,  2.5106e-03],
          [-7.7240e-03,  2.9382e-02, -3.3786e-02],
          [-4.8503e-02, -5.8920e-02, -4.0903e-02]],

         [[-4.4309e-03,  7.1539e-03,  5.3541e-02],
          [ 2.9036e-02, -2.9437e-02, -1.0696e-02],
          [ 1.7596e-02,  5.2089e-02, -4.3587e-02]],

         ...,

         [[ 2.0499e-02,  2.3901e-03, -1.3044e-02],
          [-3.3691e-03, -2.8150e-02, -4.1076e-02],
          [ 4.1637e-02, -4.2516e-02,  3.0504e-02]],

         [[-3.2558e-02, -1.4495e-02, -1.8869e-02],
          [ 4.9880e-02, -5.1981e-02, -2.0742e-04],
          [-2.8351e-02,  4.7881e-02,  1.9085e-03]],

         [[ 2.0382e-03, -4.0212e-02,  4.3614e-02],
          [ 3.5462e-02,  3.9258e-02, -3.4494e-02],
          [-4.4948e-02,  1.0711e-02, -1.6739e-02]]]], device='cuda:0')

----------------------body.4.bias----------------------
tensor([-0.0147,  0.0370, -0.0055,  0.0335, -0.0466,  0.0168, -0.0476, -0.0204,
         0.0277, -0.0387,  0.0323,  0.0347,  0.0215, -0.0102,  0.0099,  0.0083,
        -0.0200, -0.0473, -0.0030,  0.0309, -0.0264,  0.0204, -0.0190, -0.0220,
        -0.0447, -0.0548, -0.0225, -0.0205, -0.0425,  0.0584, -0.0507,  0.0303],
       device='cuda:0')

----------------------feature_head.weight----------------------
tensor([[[[ 4.1867e-02,  3.1746e-03,  4.4277e-02],
          [-2.3403e-02,  5.6658e-02,  1.8344e-02],
          [-7.7097e-03, -5.4451e-02,  1.0816e-02]],

         [[-5.4498e-02,  2.3879e-02, -2.8529e-02],
          [-3.4319e-02, -1.2968e-04, -4.0609e-02],
          [ 6.3639e-03,  1.0228e-02,  2.0947e-02]],

         [[ 5.0489e-02,  4.5056e-02,  3.9481e-02],
          [-3.0431e-02, -2.2019e-02,  5.3098e-02],
          [-2.9813e-02,  9.7923e-03,  3.2477e-02]],

         [[ 5.6716e-02,  1.8582e-02,  2.1025e-02],
          [ 5.5251e-02,  4.1742e-02, -2.7161e-02],
          [ 1.7952e-02,  7.9540e-03,  3.0463e-02]],

         [[-2.8864e-02, -8.2372e-03,  2.0131e-02],
          [ 4.5744e-02,  2.8119e-02, -4.0285e-02],
          [ 1.1249e-02, -1.3640e-02,  1.4047e-02]],

         [[ 1.8608e-02,  1.7062e-02, -3.1178e-02],
          [ 4.6003e-02,  1.4730e-03,  4.4543e-02],
          [ 3.2778e-02,  2.5783e-02, -1.7129e-02]],

         [[ 4.0698e-02, -8.0423e-03,  2.9358e-02],
          [-1.2030e-02, -7.7142e-03,  3.4229e-02],
          [-3.9252e-02, -3.0299e-02, -4.9480e-02]],

         [[ 4.4034e-02,  5.5345e-02,  8.5781e-03],
          [ 2.1658e-02,  2.9472e-02,  1.9276e-02],
          [ 6.3142e-03,  2.1523e-02,  3.5566e-02]],

         [[-3.6208e-02, -2.3868e-02, -5.9119e-03],
          [-5.8382e-02,  1.7730e-02,  8.2089e-03],
          [-1.3532e-03,  3.0797e-02, -3.5959e-02]],

         [[-9.6334e-03,  2.2338e-02,  1.6471e-02],
          [ 2.0247e-02, -1.8854e-02, -1.7574e-02],
          [-1.5495e-02, -4.9696e-02,  2.8702e-02]],

         [[-5.1384e-02,  4.6487e-02, -1.0265e-02],
          [ 1.5433e-02,  5.2421e-02,  3.1031e-03],
          [ 4.6091e-02,  1.6512e-02, -2.3075e-02]],

         [[-1.6662e-02, -2.0279e-02,  5.0539e-02],
          [-3.0372e-02, -2.2793e-02, -6.5852e-03],
          [-1.9902e-02, -3.7709e-02,  3.7708e-03]],

         [[ 3.3849e-02, -2.0642e-02, -1.5595e-02],
          [-4.3177e-02,  1.5145e-02,  1.1548e-02],
          [ 2.9771e-02,  4.8139e-02, -3.0901e-02]],

         [[ 4.2328e-02, -4.1217e-02, -1.3877e-02],
          [-4.6203e-02, -1.6559e-02, -3.7640e-02],
          [-5.3343e-02, -3.6218e-02, -2.4339e-02]],

         [[-4.8299e-02,  4.2836e-02,  5.0337e-02],
          [ 2.4525e-03, -8.7642e-03, -4.0735e-02],
          [ 5.1095e-02,  1.0292e-02, -1.6283e-03]],

         [[-1.5815e-02,  5.0745e-02,  3.9371e-02],
          [ 5.6352e-02,  5.0111e-02, -4.8688e-02],
          [-5.2372e-02, -3.7239e-02, -4.9404e-02]],

         [[-1.3181e-02, -1.8391e-02, -1.7256e-02],
          [ 2.1881e-02, -1.5030e-02,  3.5022e-02],
          [ 1.7759e-02,  4.9933e-02,  3.5182e-02]],

         [[-2.2770e-02, -2.3855e-02, -1.2104e-03],
          [-5.5685e-02, -3.4334e-02, -3.3554e-02],
          [ 4.5718e-02, -3.5163e-02, -3.6438e-02]],

         [[-4.3622e-02, -5.8836e-03, -3.5109e-02],
          [-5.2302e-02,  5.7089e-02, -2.2397e-02],
          [-4.3487e-03,  7.7315e-03,  3.1463e-03]],

         [[ 1.7110e-02,  2.6335e-02, -2.2395e-02],
          [-2.3484e-02, -6.9041e-03, -5.5354e-02],
          [-3.1282e-02,  2.5426e-02, -7.0745e-04]],

         [[-3.9725e-02, -3.8294e-02, -1.8900e-02],
          [ 5.3558e-02,  3.5285e-02, -4.2082e-02],
          [ 2.5829e-02, -4.4080e-02,  5.8301e-02]],

         [[ 8.6383e-03, -5.9230e-03,  4.7724e-02],
          [-6.8364e-03, -5.4644e-02,  3.9780e-02],
          [ 5.4461e-03, -4.9581e-02,  7.5219e-03]],

         [[ 4.2893e-02,  3.4402e-02, -5.3239e-02],
          [-3.2149e-02,  5.8911e-02,  5.1333e-02],
          [ 1.0942e-02, -1.3394e-02,  5.6981e-02]],

         [[ 5.4329e-03,  4.0867e-02, -5.8846e-02],
          [-4.0962e-02,  4.7788e-03, -2.1551e-03],
          [-3.1838e-03, -3.0560e-02,  1.8802e-02]],

         [[-5.1521e-02, -1.0188e-02, -5.3109e-02],
          [-1.6198e-02,  2.4427e-02, -1.1997e-02],
          [-4.7516e-02, -4.8422e-02,  2.0164e-02]],

         [[-1.2334e-02,  1.3172e-02,  3.1541e-02],
          [-2.0354e-02, -4.9370e-02,  3.2933e-02],
          [ 5.2849e-02, -3.4187e-02, -4.2660e-02]],

         [[-2.3774e-02,  9.6235e-03,  1.1837e-02],
          [ 2.0548e-02,  5.4315e-02, -3.8858e-02],
          [ 3.6881e-02,  5.6781e-02, -2.7761e-02]],

         [[-3.8132e-02,  5.3136e-02,  5.7874e-02],
          [ 1.2523e-02, -2.8000e-02, -1.8802e-02],
          [-5.7134e-02, -6.9210e-03, -3.0594e-02]],

         [[ 5.3702e-02, -4.9840e-03,  2.2339e-02],
          [ 3.5314e-02,  2.6534e-02,  2.3576e-02],
          [-2.7682e-03, -7.6065e-03, -4.8477e-02]],

         [[-3.2153e-02,  1.9153e-03,  5.4108e-02],
          [-1.1927e-03,  2.3094e-02,  2.4364e-02],
          [-4.9010e-02,  5.2441e-02,  2.1224e-02]],

         [[-9.6074e-03, -3.5226e-02, -4.1331e-02],
          [-1.9246e-02, -1.8266e-02, -4.6376e-03],
          [ 3.8436e-02, -3.4659e-02, -2.9783e-02]],

         [[-1.6728e-02, -2.9190e-02,  1.1435e-02],
          [-2.3362e-02, -2.5616e-02,  5.4520e-02],
          [-1.4410e-02, -4.5837e-02,  3.3801e-02]]],


        [[[-1.2406e-02, -2.6916e-02,  4.7693e-02],
          [-2.0513e-02, -2.8490e-02,  1.8097e-02],
          [-1.3668e-02,  4.7419e-02,  4.4113e-02]],

         [[-2.8507e-03, -1.6893e-02,  3.4713e-02],
          [ 3.3872e-02, -3.9191e-02,  1.6757e-02],
          [ 1.6545e-02,  5.8457e-02, -3.4335e-02]],

         [[-4.3798e-02, -1.6058e-02, -5.8143e-02],
          [-1.3456e-03,  2.9765e-02, -3.0525e-02],
          [ 5.5851e-02,  3.3716e-02,  3.6833e-02]],

         [[-3.7235e-02,  3.5484e-02,  3.8191e-02],
          [ 3.5456e-02, -4.3862e-02,  2.4367e-02],
          [ 1.3338e-02,  4.9411e-03,  5.2335e-02]],

         [[-2.0036e-04, -2.1108e-02, -3.8747e-02],
          [-4.1910e-02, -1.9824e-02,  4.2514e-02],
          [ 3.0205e-02,  2.5042e-02,  2.6642e-02]],

         [[ 1.2764e-02, -1.8012e-02,  2.1286e-02],
          [-1.6599e-02,  2.4466e-02,  2.8374e-02],
          [-4.0701e-02, -4.2451e-02, -5.8091e-02]],

         [[ 1.3933e-02, -2.1865e-02, -7.5049e-03],
          [ 7.4734e-03,  1.0243e-02, -5.0624e-02],
          [-6.4899e-03, -1.0701e-02, -1.3142e-02]],

         [[-5.8924e-02, -4.0758e-02, -1.3878e-02],
          [ 1.4157e-02,  4.2179e-02, -3.0793e-02],
          [-8.2076e-05,  4.4586e-02, -1.7861e-02]],

         [[ 2.3503e-02,  3.6753e-02, -1.5422e-02],
          [-3.3563e-02,  2.7976e-02,  1.8661e-02],
          [-2.4519e-02, -4.6531e-02, -4.9972e-03]],

         [[ 5.6567e-04,  3.0771e-02, -4.2900e-02],
          [ 1.1120e-02,  1.2014e-02,  1.4023e-02],
          [-4.6377e-02, -1.7733e-02, -5.8113e-02]],

         [[ 1.9455e-02, -3.2895e-02, -4.6113e-02],
          [ 4.3835e-02, -3.5813e-02,  1.6899e-02],
          [ 3.3703e-02,  2.2715e-02, -4.9617e-02]],

         [[-3.3573e-02, -5.3518e-02, -8.0930e-04],
          [ 2.0585e-02, -4.0178e-02,  2.6421e-02],
          [-5.2998e-02, -4.3555e-02, -3.3544e-02]],

         [[-7.1469e-03,  5.8813e-02,  5.8575e-02],
          [-5.6355e-02,  2.0573e-03,  3.3527e-02],
          [-6.1727e-03, -2.0518e-02,  1.2687e-02]],

         [[ 5.8298e-02, -3.2211e-02,  6.1014e-03],
          [ 5.0267e-03, -3.0485e-02, -3.4596e-02],
          [-7.0720e-03,  4.7413e-02,  1.0555e-02]],

         [[-4.6154e-02,  3.6790e-02, -9.6836e-03],
          [-1.9639e-02,  5.5150e-02, -4.9169e-02],
          [-3.3437e-02, -2.9303e-02,  5.9228e-03]],

         [[ 2.6619e-02, -5.1944e-02,  7.2430e-03],
          [ 2.0945e-02, -1.0133e-02, -5.0069e-02],
          [ 4.4407e-02,  7.6054e-03,  3.0642e-03]],

         [[ 3.6273e-02,  5.4203e-02,  2.1526e-02],
          [-2.1806e-02, -5.6139e-03, -2.1208e-02],
          [ 3.2546e-02,  4.4147e-02,  3.6053e-02]],

         [[ 4.9536e-02,  4.0154e-02,  2.4615e-02],
          [-5.8340e-02,  9.5437e-03, -2.1418e-02],
          [-2.5890e-02,  8.6885e-03,  1.1092e-02]],

         [[-4.9884e-02, -9.2754e-03,  2.4834e-02],
          [ 2.1883e-02,  1.2303e-02,  3.8466e-02],
          [ 1.6777e-02, -1.3190e-02,  3.9531e-02]],

         [[ 1.1120e-02,  3.6833e-02, -1.8143e-02],
          [-5.6461e-02, -1.8163e-02, -1.7328e-02],
          [ 3.6482e-02,  2.4127e-02, -8.1195e-03]],

         [[-2.6283e-02, -3.4133e-03,  5.4218e-04],
          [ 5.0612e-02, -7.7462e-03,  1.0211e-02],
          [-4.0183e-03,  9.1660e-03, -5.3921e-02]],

         [[ 2.6576e-03,  1.1665e-02,  7.4983e-04],
          [ 3.9129e-02,  3.3643e-02, -1.5591e-02],
          [ 3.6450e-02, -4.2077e-02,  9.8075e-03]],

         [[ 1.3444e-02,  2.7440e-02,  1.6864e-02],
          [-9.5332e-03, -2.9669e-02, -1.3369e-02],
          [ 6.6658e-03, -5.3257e-02,  2.0312e-02]],

         [[ 5.5556e-02, -2.2188e-02,  2.0295e-02],
          [ 2.0975e-02, -2.3204e-02,  3.2076e-02],
          [ 1.7487e-03,  4.5253e-02, -1.8470e-02]],

         [[ 4.2163e-02, -4.3668e-02, -1.1850e-03],
          [-2.9037e-02, -1.2181e-02,  9.6005e-03],
          [ 5.6855e-02, -1.7658e-02,  3.0464e-02]],

         [[ 3.3570e-02,  5.1339e-02,  6.2296e-03],
          [ 1.0921e-02, -4.7420e-02, -1.7262e-02],
          [-2.6051e-02,  5.6215e-02,  2.5215e-02]],

         [[-2.9975e-03, -3.5380e-03,  3.1703e-02],
          [ 5.1796e-02, -3.7348e-02,  1.5601e-02],
          [ 2.4867e-03, -4.3893e-02,  2.6869e-02]],

         [[ 2.2679e-02, -1.0942e-02,  2.4956e-02],
          [-3.4925e-02, -4.8239e-02, -5.6389e-02],
          [-3.0720e-02, -1.8910e-02, -1.8815e-02]],

         [[-5.5755e-02,  1.7554e-02, -1.0392e-02],
          [-5.3147e-02, -5.5637e-02,  4.0623e-02],
          [-5.0680e-02,  3.4174e-02,  7.3089e-03]],

         [[ 4.5775e-02, -5.0945e-02,  2.6160e-02],
          [ 2.7374e-02, -3.6524e-03,  2.5228e-03],
          [-4.4003e-02,  4.4648e-02,  2.7776e-02]],

         [[ 3.6106e-02, -3.2254e-03, -4.1483e-02],
          [ 4.2055e-02, -5.3287e-02,  2.6486e-02],
          [ 1.5312e-03,  1.8394e-02, -2.1928e-02]],

         [[-2.2594e-02, -3.3801e-02, -1.8243e-02],
          [ 1.0795e-02,  1.8547e-02,  3.7984e-02],
          [-3.4855e-02,  1.7103e-02, -3.1832e-03]]],


        [[[-4.3462e-02,  7.5473e-03, -7.1020e-03],
          [-3.3096e-02, -4.8053e-02, -3.5712e-02],
          [ 4.8614e-02, -3.0924e-02, -2.0345e-02]],

         [[-1.4681e-02, -5.3737e-02,  5.7264e-02],
          [ 4.1461e-02, -3.3709e-02, -4.3818e-03],
          [ 3.8977e-03, -3.9709e-02,  5.8894e-02]],

         [[ 3.7490e-02,  1.5301e-02, -4.7691e-02],
          [-4.5578e-02, -3.0299e-04,  4.4088e-02],
          [-2.5610e-02,  2.8718e-02, -1.2725e-02]],

         [[-4.5724e-02, -2.4956e-03,  5.8513e-04],
          [-1.9451e-02,  1.3470e-02,  3.9994e-02],
          [ 1.9603e-02,  1.2002e-02, -1.0540e-02]],

         [[ 5.4123e-02,  4.7575e-02,  8.9804e-04],
          [ 4.3323e-02,  2.8863e-02,  3.4441e-02],
          [-4.6393e-02,  1.9222e-02,  8.3051e-03]],

         [[ 1.7899e-02,  4.4256e-03,  2.5559e-02],
          [-2.0842e-02, -3.5871e-02, -3.0382e-02],
          [-3.2468e-02, -5.6821e-02,  3.7171e-02]],

         [[ 2.1328e-02, -1.3570e-02, -9.2981e-03],
          [ 2.1729e-02,  4.7299e-03,  2.4359e-03],
          [-5.6588e-02,  1.3677e-02, -5.4411e-02]],

         [[-3.3253e-02,  5.3787e-02, -2.2402e-02],
          [-3.5826e-02,  4.6513e-02,  8.0030e-03],
          [-2.3736e-02,  1.9467e-02, -5.7890e-02]],

         [[ 1.5156e-02, -4.2605e-02, -4.8050e-02],
          [-2.9036e-02,  4.3679e-02,  1.2059e-02],
          [-1.4215e-02, -4.4852e-02, -1.1284e-02]],

         [[ 3.9548e-02,  4.0008e-02,  4.5607e-02],
          [ 3.6051e-02, -2.6969e-02,  4.2037e-02],
          [ 5.3997e-03,  3.7921e-02,  3.3564e-02]],

         [[ 1.5227e-02,  4.7936e-02,  2.9534e-02],
          [-2.2433e-02,  1.7212e-02,  2.4999e-02],
          [ 2.0535e-02,  5.8109e-02,  3.5893e-02]],

         [[-3.0449e-02,  2.3903e-02, -4.2603e-02],
          [-7.3534e-03,  5.6135e-03,  3.4117e-03],
          [-3.6801e-02, -5.7403e-02,  1.9465e-02]],

         [[ 1.9954e-02,  5.6410e-02, -3.0252e-02],
          [-4.5507e-02, -3.4191e-02, -4.9867e-03],
          [ 9.8323e-03, -5.3140e-02,  4.7124e-02]],

         [[ 2.1873e-02,  4.9313e-02,  2.3732e-02],
          [ 4.6240e-02, -9.6353e-03,  4.8362e-03],
          [ 1.9446e-02, -1.4659e-03,  3.1908e-02]],

         [[ 3.7327e-02,  7.3927e-03,  9.5224e-03],
          [ 1.0104e-02, -5.5064e-02,  4.2275e-02],
          [-2.6837e-02,  7.0673e-03, -1.9516e-02]],

         [[-4.6491e-02, -5.8239e-02,  3.5150e-02],
          [ 5.2783e-02, -4.8139e-02, -1.3275e-02],
          [-1.1965e-02, -5.4225e-02, -5.4607e-02]],

         [[ 9.2566e-03,  1.7099e-02,  2.9859e-02],
          [ 4.4886e-02, -3.4562e-03, -5.6394e-03],
          [ 2.9096e-02, -1.1073e-02, -2.2077e-02]],

         [[-1.7883e-02,  3.0242e-02,  3.3733e-04],
          [-4.5843e-03,  4.6272e-02,  3.5067e-02],
          [ 2.8118e-02,  2.9749e-03, -3.6077e-02]],

         [[ 3.9672e-02, -3.3472e-02,  4.4796e-02],
          [ 2.8629e-03,  4.0316e-02, -3.1764e-02],
          [ 1.3721e-03,  9.1851e-03, -3.6847e-02]],

         [[-2.6687e-02,  3.2899e-02,  4.3571e-02],
          [ 2.7226e-02, -4.4573e-02,  5.8303e-02],
          [ 1.4434e-02, -1.7598e-02, -1.4070e-02]],

         [[-5.0248e-02, -2.2310e-02,  5.2256e-02],
          [ 9.2271e-03,  1.2217e-02, -3.6595e-04],
          [ 1.1767e-02,  4.9497e-02,  2.8346e-02]],

         [[-2.1393e-02,  2.0516e-02, -4.6311e-02],
          [-4.3981e-02,  3.1623e-02, -4.8965e-02],
          [ 3.2454e-02,  4.7075e-02,  2.2371e-02]],

         [[-9.5665e-05,  3.6995e-02, -2.3175e-03],
          [ 5.1632e-02,  4.1093e-02,  4.5548e-02],
          [-5.8670e-02,  3.0358e-02,  1.7823e-02]],

         [[ 1.8808e-02,  1.7017e-02, -5.0296e-02],
          [-2.7251e-02, -1.3668e-02, -7.9000e-03],
          [ 2.6957e-02,  3.4390e-02, -5.8761e-03]],

         [[-3.4457e-02,  1.9855e-02, -9.4396e-03],
          [-5.0990e-02, -3.3142e-02,  6.2813e-03],
          [-4.2918e-03, -1.9293e-02,  2.9790e-02]],

         [[-4.4416e-02,  3.0278e-02, -2.9035e-02],
          [-2.3325e-02,  9.7327e-03,  4.5298e-02],
          [ 4.6994e-02, -2.0963e-02, -4.1759e-02]],

         [[-2.6844e-02, -1.8115e-02, -2.6700e-02],
          [-3.0433e-02,  5.1159e-02,  5.4060e-02],
          [-4.6110e-02, -4.1899e-02, -1.5811e-02]],

         [[ 4.5249e-02,  4.6074e-02, -5.3418e-02],
          [ 4.8595e-02,  4.0988e-02,  4.5738e-02],
          [-3.8331e-03, -3.7826e-02, -2.0246e-02]],

         [[ 2.5284e-02,  3.2662e-02,  3.6226e-02],
          [-2.5077e-02,  5.4760e-03,  3.0988e-02],
          [ 5.4402e-02, -5.4094e-02, -4.9499e-02]],

         [[ 5.6957e-02, -2.3987e-02,  5.3249e-03],
          [ 3.0543e-02,  4.7984e-02, -2.0228e-02],
          [-4.2541e-02,  1.4649e-02, -2.6899e-02]],

         [[ 5.7028e-02,  4.1110e-02, -5.2202e-02],
          [-1.1201e-02, -3.1348e-02,  4.4283e-02],
          [-4.9472e-02, -1.6368e-02,  5.6092e-02]],

         [[-6.9725e-04, -4.1230e-02,  3.7177e-03],
          [ 2.0120e-02, -8.3753e-03, -4.9129e-02],
          [-5.4683e-02,  3.9703e-02, -1.0757e-02]]]], device='cuda:0')

----------------------feature_head.bias----------------------
tensor([-0.0425,  0.0074,  0.0230], device='cuda:0')

----------------------colour_head.0.weight----------------------
tensor([[[[ 5.1990e-02,  5.2027e-02, -5.2621e-02],
          [ 7.2796e-03,  1.1641e-03,  5.1065e-02],
          [ 6.0724e-03,  5.0312e-02, -4.6903e-02]],

         [[-2.3208e-02,  1.1991e-02, -5.6079e-02],
          [ 5.5451e-02,  1.4763e-02,  2.1945e-02],
          [-3.9839e-02,  3.7942e-02, -3.1503e-02]],

         [[-1.3372e-02, -2.7935e-02, -5.3287e-02],
          [ 3.8884e-02, -2.6139e-02,  2.5036e-02],
          [-5.3353e-02, -4.8400e-02, -4.0950e-02]],

         [[-5.0326e-02, -3.2065e-04,  1.9343e-02],
          [-3.6134e-02, -2.8388e-02,  5.0877e-02],
          [ 5.1990e-02, -2.1483e-02, -5.3961e-02]],

         [[ 2.6692e-02,  3.3273e-02, -2.3759e-03],
          [-3.8780e-02, -4.3796e-02,  5.2358e-03],
          [ 4.1123e-03, -1.1062e-02,  2.8238e-02]],

         [[ 5.4153e-02,  4.7374e-02, -4.2132e-02],
          [ 3.6991e-02, -3.0749e-02,  5.3808e-02],
          [-5.0303e-02, -1.9862e-03,  3.7269e-02]],

         [[-1.3405e-02,  6.6808e-03, -4.1195e-02],
          [-2.4997e-02, -2.8632e-02,  4.3955e-02],
          [ 4.3053e-02,  1.6608e-03, -5.8599e-02]],

         [[-5.1682e-03,  4.3512e-02, -2.0968e-02],
          [-5.1908e-02,  1.4804e-02,  5.0683e-02],
          [ 2.7769e-02,  5.5165e-02, -2.8700e-02]],

         [[ 3.0912e-02, -8.5362e-03, -6.3235e-03],
          [ 5.6528e-02,  1.6403e-02, -2.9984e-02],
          [ 3.2426e-02, -3.2943e-02, -1.9215e-03]],

         [[-5.6253e-02, -1.7544e-02, -1.1573e-02],
          [-5.0824e-03,  2.0462e-02,  1.9657e-02],
          [ 1.0836e-02,  3.3287e-02, -3.4737e-02]],

         [[ 1.7020e-02,  3.8845e-02, -1.2070e-02],
          [-1.1197e-02,  1.9456e-02, -5.8453e-02],
          [ 5.6721e-02,  3.7254e-02, -4.2922e-02]],

         [[-2.3499e-02, -4.3733e-02, -3.0651e-02],
          [ 1.2862e-02, -4.5104e-03,  3.9643e-02],
          [ 3.4825e-02,  4.9115e-02, -8.3872e-03]],

         [[-4.5489e-02, -2.2974e-02,  4.8416e-02],
          [-5.3275e-02,  4.9769e-02,  3.9352e-02],
          [-2.4763e-02, -4.5260e-03, -3.1109e-02]],

         [[ 4.6068e-02, -6.8582e-03,  1.0210e-02],
          [-1.3117e-02,  4.4531e-02, -1.7750e-03],
          [ 4.2526e-02,  1.7097e-02,  3.2573e-04]],

         [[ 3.5985e-02,  3.8577e-03,  3.7802e-03],
          [-2.2852e-02, -3.4647e-02, -2.6061e-02],
          [-5.5428e-02,  4.5489e-02,  4.0323e-02]],

         [[-2.5976e-02,  4.2370e-02, -5.2832e-02],
          [-5.3247e-02,  4.9497e-02,  4.5303e-03],
          [ 1.1702e-03, -1.1861e-02,  5.4833e-02]],

         [[ 1.2507e-02, -4.7110e-03,  5.4629e-02],
          [ 1.2282e-03, -5.6367e-02,  2.5716e-02],
          [ 2.5778e-02, -3.4901e-02,  1.0219e-02]],

         [[ 1.6851e-03, -8.9753e-03, -8.8471e-03],
          [ 3.3924e-02,  9.6817e-03, -5.4393e-02],
          [ 5.7758e-02,  2.4800e-02, -5.0511e-02]],

         [[ 4.5918e-02, -4.1825e-02, -1.3166e-02],
          [-1.8929e-02, -1.9887e-02,  9.4204e-03],
          [ 1.0257e-02,  1.8892e-02,  8.1126e-03]],

         [[-4.8579e-02,  8.0943e-03, -2.6047e-03],
          [-1.4522e-02, -5.0880e-02, -5.4402e-02],
          [ 4.0720e-02, -3.0314e-02,  3.2480e-02]],

         [[ 4.0176e-02,  2.0720e-02, -2.0479e-02],
          [-2.8611e-02,  4.9196e-02,  4.6144e-02],
          [ 3.4683e-02,  5.0974e-02, -4.6949e-02]],

         [[ 5.6133e-03, -5.0205e-02,  1.4924e-02],
          [ 1.9684e-03, -5.4750e-02, -1.4518e-02],
          [-3.7493e-03, -7.8935e-03,  3.4852e-02]],

         [[-4.8017e-02, -3.8147e-02, -1.3982e-02],
          [ 3.6883e-02, -4.8928e-02,  3.6603e-02],
          [ 2.3012e-02,  3.8460e-02, -2.7697e-02]],

         [[-3.9662e-02,  1.8389e-02,  1.5738e-02],
          [ 4.7550e-02,  5.7080e-03,  2.7592e-02],
          [-1.6393e-02, -1.1183e-02, -3.5425e-02]],

         [[ 3.1102e-02,  2.2770e-02, -4.2098e-02],
          [ 1.7771e-02,  3.7341e-02,  3.0965e-02],
          [ 2.8895e-02, -5.5682e-02,  1.9558e-02]],

         [[ 3.4691e-02, -2.1525e-02, -1.4810e-02],
          [-1.6750e-02,  3.9458e-02, -2.8760e-02],
          [ 7.6647e-03,  5.6989e-02,  4.8979e-02]],

         [[ 2.4305e-02,  4.3602e-02, -4.4890e-02],
          [ 4.9510e-03, -3.8953e-02, -2.4428e-02],
          [ 4.7995e-02,  4.6307e-02,  4.0179e-02]],

         [[-2.8871e-02, -1.1875e-02,  5.4819e-02],
          [ 2.4653e-02, -2.7199e-02,  4.4176e-02],
          [-2.1911e-02,  5.3770e-02, -3.0909e-02]],

         [[ 5.2130e-03, -2.4191e-02, -3.6436e-02],
          [-1.3694e-02,  1.6098e-02, -1.9177e-02],
          [ 4.3346e-02, -2.2632e-02, -2.2270e-02]],

         [[-3.8385e-02, -2.6920e-02,  4.1207e-02],
          [ 5.6362e-02, -4.5563e-02,  2.1187e-02],
          [ 3.4182e-02, -3.0340e-02, -5.2637e-02]],

         [[ 1.4868e-02, -5.3764e-02,  1.2578e-02],
          [ 5.0835e-02,  3.2762e-03,  4.0290e-02],
          [ 3.8763e-02,  3.2903e-02, -1.9573e-02]],

         [[-2.4107e-02, -5.3750e-02, -3.4537e-02],
          [ 3.1722e-02,  2.5779e-02, -3.3496e-02],
          [ 8.5020e-03, -8.7120e-03,  2.9698e-02]]],


        [[[-3.2150e-02, -2.3728e-03,  1.4005e-02],
          [ 7.4528e-03, -1.5850e-02,  3.3987e-02],
          [-3.9526e-02, -1.3005e-02, -5.1342e-02]],

         [[ 2.6453e-02, -2.9111e-02,  2.9498e-02],
          [-7.3661e-03, -2.3610e-02,  4.5005e-02],
          [-4.1415e-02,  3.3094e-02,  5.0482e-02]],

         [[-5.4910e-02,  2.3807e-02, -5.1728e-02],
          [ 3.1422e-02, -3.7204e-02, -1.7378e-02],
          [-2.9155e-02,  2.7139e-02, -4.5385e-03]],

         [[-4.7259e-02, -4.4014e-02, -5.1000e-03],
          [-3.6501e-02,  6.6462e-03,  4.2083e-02],
          [ 2.8886e-02,  1.1941e-02,  5.7156e-02]],

         [[ 1.7916e-02, -9.0529e-03, -4.4092e-02],
          [ 9.4559e-03, -4.3630e-02, -4.4778e-03],
          [-4.6705e-02, -2.8673e-02, -2.4418e-02]],

         [[ 5.9244e-03,  1.0870e-02, -4.0565e-03],
          [-2.9222e-02, -5.5203e-02,  1.8144e-02],
          [ 5.5040e-02,  3.9663e-02, -3.9564e-02]],

         [[-5.0807e-02, -5.1029e-02, -4.1232e-02],
          [-3.8776e-02,  5.4453e-02, -1.5983e-02],
          [ 3.0387e-02,  2.4279e-02,  2.1922e-02]],

         [[-5.7549e-02,  5.7397e-02,  3.6416e-02],
          [-5.4921e-02, -3.8733e-02,  2.4536e-02],
          [-1.2133e-02, -4.1446e-02,  1.0840e-02]],

         [[-5.5361e-02,  4.7424e-02,  4.9015e-02],
          [ 3.0841e-02,  2.7406e-02, -3.6616e-02],
          [-5.9592e-03,  2.9217e-02,  1.4418e-02]],

         [[ 4.8439e-02,  1.3294e-02, -4.6925e-02],
          [-3.7496e-02,  4.1801e-02,  3.6526e-02],
          [ 1.4767e-02,  8.5618e-03,  3.4463e-02]],

         [[-5.7639e-02, -5.6745e-02, -2.9140e-02],
          [-2.8135e-02, -6.7668e-03,  2.5519e-02],
          [-1.5841e-02,  1.1832e-03, -4.5321e-02]],

         [[-2.4485e-02,  4.6138e-02,  4.6901e-02],
          [-1.4878e-02,  2.3106e-02,  4.8707e-02],
          [ 4.3485e-02, -1.2155e-03, -3.8042e-02]],

         [[-1.7576e-02,  3.1784e-02, -2.6931e-02],
          [ 3.0115e-02, -4.2463e-02,  2.5761e-02],
          [ 3.6895e-02, -1.0403e-02,  5.8398e-02]],

         [[ 3.5873e-02,  1.2854e-03, -1.2890e-02],
          [ 4.4351e-03, -3.2963e-02, -8.5764e-03],
          [-5.4450e-02,  1.9809e-02,  6.9114e-03]],

         [[-4.5994e-02, -1.3289e-02,  2.0656e-02],
          [-3.7260e-02,  2.3786e-02, -4.2700e-02],
          [ 3.1374e-03, -7.8732e-03, -4.3399e-02]],

         [[-9.4330e-03, -2.8019e-02, -1.0622e-02],
          [ 6.7104e-03, -9.3221e-03, -6.6960e-03],
          [ 4.7112e-02,  4.5480e-02, -3.0444e-02]],

         [[ 7.7867e-03,  2.2133e-02,  3.9503e-03],
          [ 4.6210e-03, -2.2628e-02,  1.0765e-02],
          [-3.4191e-02, -1.2549e-02, -2.5847e-02]],

         [[ 2.0163e-02,  2.0563e-02, -5.0493e-02],
          [-4.6469e-02,  1.1079e-03,  1.7712e-02],
          [-5.6447e-02,  4.5986e-03, -3.5230e-02]],

         [[-5.0847e-02,  5.1685e-02, -3.7790e-02],
          [-2.8104e-02,  5.6954e-02, -3.5252e-02],
          [-2.4030e-02, -3.5606e-02, -3.0927e-02]],

         [[ 6.9223e-03,  3.0727e-02,  1.9235e-02],
          [-1.7011e-02,  1.5598e-02, -4.3331e-02],
          [ 4.4341e-02, -4.2115e-02,  2.7057e-02]],

         [[-4.5454e-02, -2.5041e-02, -5.3612e-02],
          [ 8.7668e-03,  2.9296e-02, -4.0838e-02],
          [ 2.1646e-02, -1.3757e-02,  1.2173e-02]],

         [[-4.0267e-02, -4.3672e-02, -8.5727e-03],
          [ 2.3510e-02, -5.7433e-02, -3.8587e-02],
          [-4.4706e-02, -1.0070e-02, -4.2296e-02]],

         [[-3.1744e-02, -2.7076e-02, -3.9987e-02],
          [-3.4601e-02, -2.5740e-02, -1.5902e-02],
          [ 4.7615e-02, -2.4485e-03,  5.0050e-02]],

         [[ 5.4131e-03,  2.7577e-02,  2.1004e-02],
          [-3.4292e-03,  5.5518e-02, -3.4049e-02],
          [-1.6097e-02,  1.0496e-02,  4.6709e-03]],

         [[-2.2366e-02,  3.2878e-02, -5.3630e-02],
          [ 5.3938e-02,  1.4987e-02, -8.6152e-03],
          [ 5.3066e-02, -2.2169e-02, -5.7786e-02]],

         [[-4.2054e-02,  4.7735e-02, -3.1442e-02],
          [ 1.6895e-02, -1.7014e-02,  3.7813e-02],
          [-2.4679e-02,  5.0355e-02,  5.2230e-02]],

         [[ 3.5240e-03, -4.4858e-02,  8.6213e-03],
          [-2.7894e-02, -4.3562e-02, -1.4470e-02],
          [-9.4563e-03,  1.0758e-02, -7.5089e-03]],

         [[ 1.0297e-02, -8.5241e-03, -5.8524e-02],
          [ 2.5249e-03,  1.5749e-02,  4.5972e-02],
          [-5.2034e-02, -2.5751e-02, -3.6348e-02]],

         [[-1.5877e-02, -2.7405e-02,  5.3152e-02],
          [-4.3192e-02, -4.0717e-02, -6.0271e-03],
          [ 1.3950e-02,  5.3605e-02,  1.2571e-02]],

         [[ 5.1018e-02,  1.5136e-02, -5.4223e-02],
          [ 1.5665e-02,  9.5132e-03, -1.3581e-02],
          [ 1.8968e-02, -3.4347e-02,  5.3287e-02]],

         [[-3.9964e-02,  5.7936e-02,  4.3013e-02],
          [ 4.1890e-02, -1.6050e-02, -5.2143e-02],
          [ 4.0780e-02, -4.7883e-02, -4.7075e-02]],

         [[-3.6246e-03, -4.4824e-02,  1.1339e-02],
          [ 4.6859e-02, -1.2351e-02, -1.6824e-02],
          [-3.1075e-02,  1.9789e-02,  9.6289e-03]]],


        [[[ 4.5186e-02, -5.7605e-02,  1.6959e-02],
          [-3.8127e-02,  3.2811e-02, -1.5911e-02],
          [ 5.2265e-02, -1.9606e-02, -5.7698e-02]],

         [[-7.1225e-03,  5.5118e-02, -3.2350e-02],
          [ 9.1527e-03, -2.0590e-02, -2.4915e-02],
          [ 2.4290e-02, -1.9753e-02, -4.0868e-02]],

         [[ 5.4077e-02, -4.6514e-02, -9.7134e-03],
          [ 5.7385e-02, -6.5353e-03,  2.1535e-02],
          [ 4.6673e-02, -1.1104e-03, -1.0583e-02]],

         [[-1.0870e-02,  2.2305e-02, -7.8268e-03],
          [ 5.4136e-02,  7.2616e-04, -4.7292e-02],
          [ 4.7774e-02,  1.3756e-02,  1.7938e-02]],

         [[ 9.9734e-04,  4.0939e-02, -4.2263e-02],
          [-1.3722e-02, -5.5407e-02, -8.5180e-03],
          [-5.8780e-02,  5.0855e-02, -4.8637e-02]],

         [[-3.1797e-03, -3.2596e-02,  2.1781e-02],
          [ 2.8558e-03,  3.9599e-03,  3.6920e-02],
          [ 4.8459e-02,  5.5198e-02, -2.2471e-02]],

         [[-2.6663e-02,  4.8791e-02,  2.6102e-02],
          [ 6.7999e-03, -2.9972e-02, -4.5250e-02],
          [ 3.4463e-02,  1.0468e-02,  5.3107e-02]],

         [[ 2.2482e-03,  4.5044e-02,  6.0994e-03],
          [ 3.1044e-03,  1.3140e-02,  4.5916e-02],
          [ 3.6300e-02,  5.3043e-02,  9.3757e-03]],

         [[ 2.9933e-02,  1.1823e-02,  4.1373e-02],
          [ 2.3201e-02, -7.1349e-03,  1.1417e-02],
          [-3.9867e-03, -2.2148e-02, -2.6380e-02]],

         [[-1.2471e-03,  4.5029e-02,  5.0520e-02],
          [ 3.8036e-02,  2.9141e-02, -2.8186e-02],
          [ 7.8019e-03,  5.3018e-02,  3.3425e-02]],

         [[-4.2937e-02, -4.0579e-02,  5.6240e-02],
          [ 3.3914e-03, -5.1472e-02,  1.3888e-02],
          [ 1.8355e-02, -7.3117e-03,  3.2552e-02]],

         [[-4.6963e-02,  8.4584e-03, -1.6463e-02],
          [-2.9909e-03,  3.5579e-04,  5.6261e-02],
          [-1.7472e-02, -5.7235e-02, -3.6810e-02]],

         [[-2.2738e-02,  4.8393e-02,  1.7485e-02],
          [-3.7481e-02,  7.8397e-03,  2.8510e-02],
          [-6.6473e-03,  1.6161e-03, -3.7564e-02]],

         [[ 7.6335e-03, -5.0324e-02, -2.0172e-02],
          [ 1.1780e-02,  1.7570e-02, -4.5981e-02],
          [-6.1452e-03,  3.4871e-02,  5.6088e-02]],

         [[-7.3285e-03,  2.4312e-02,  3.5499e-03],
          [-3.7652e-02,  6.0007e-03, -3.7418e-02],
          [-2.6751e-03, -4.6247e-02, -3.1453e-02]],

         [[-1.6590e-02, -5.2295e-03, -4.6627e-02],
          [-2.0039e-02, -5.8228e-02, -4.5219e-02],
          [-5.4659e-02, -3.8831e-02, -3.4272e-03]],

         [[ 3.8693e-02,  2.6994e-03, -5.5576e-02],
          [ 4.8996e-02, -3.9514e-02, -2.5122e-02],
          [ 1.4695e-02, -1.8772e-02,  6.2778e-03]],

         [[-1.5950e-02, -2.2951e-03, -5.5564e-02],
          [ 1.4371e-03,  6.6104e-03,  3.6007e-02],
          [ 7.9308e-05,  3.5164e-02,  1.4962e-03]],

         [[ 2.8960e-02, -2.1731e-02,  6.8938e-03],
          [ 8.2382e-04, -4.4582e-02,  5.8478e-02],
          [ 4.0237e-02,  2.8851e-02, -4.8647e-02]],

         [[ 5.5259e-02,  5.5719e-02, -2.7044e-03],
          [-6.2681e-03,  4.9357e-02, -4.8652e-02],
          [ 5.6127e-02, -1.4941e-02, -2.6731e-02]],

         [[ 2.8394e-03,  1.7326e-02,  5.9289e-03],
          [ 3.7928e-02, -4.7308e-02, -4.1000e-03],
          [-4.0928e-03, -4.0606e-02, -4.5093e-02]],

         [[-2.1459e-02, -2.0352e-02,  4.5512e-03],
          [-2.5397e-02,  5.4078e-02,  2.1396e-02],
          [-2.8815e-02, -7.7617e-03, -5.0699e-02]],

         [[ 2.7042e-02, -2.9520e-02,  4.5698e-02],
          [ 3.1916e-02, -2.0912e-02,  6.9269e-03],
          [-9.3534e-03, -4.9198e-02, -4.0794e-02]],

         [[-3.1429e-02,  5.6149e-02, -4.1316e-02],
          [ 2.6453e-02, -2.3593e-02,  2.0359e-02],
          [ 4.1994e-02,  4.0095e-02, -5.0107e-02]],

         [[ 2.6211e-03,  1.5520e-02,  7.0793e-03],
          [ 2.5302e-03,  5.7696e-02, -4.6290e-02],
          [ 1.2095e-02,  1.2124e-02,  4.8888e-02]],

         [[ 3.0097e-02, -2.1669e-02, -4.2790e-03],
          [-4.3964e-02,  4.7493e-03,  6.2431e-03],
          [ 5.0935e-02,  5.2388e-02, -4.1490e-02]],

         [[ 5.6360e-02, -5.1582e-02,  1.5663e-02],
          [ 2.9214e-02,  3.1819e-02,  4.5152e-02],
          [-1.6009e-02,  5.0180e-02,  6.2402e-03]],

         [[ 1.1244e-03, -2.0065e-02, -5.1347e-02],
          [-1.6298e-02, -1.9583e-03,  6.6201e-03],
          [-8.9841e-03, -3.0497e-03,  2.7891e-03]],

         [[-3.2690e-02, -3.8882e-03, -5.0199e-02],
          [ 2.8296e-03,  5.1761e-02, -2.8004e-02],
          [ 3.5719e-02, -1.9178e-02, -2.5541e-02]],

         [[ 2.8009e-02, -5.7665e-02,  3.7342e-02],
          [ 3.8868e-02,  2.0385e-02, -1.9745e-03],
          [-2.7760e-02, -3.7582e-02,  5.3254e-02]],

         [[ 2.7816e-02,  3.1226e-02, -3.6833e-02],
          [ 3.5258e-02, -3.6241e-02,  4.4515e-02],
          [ 4.5430e-02, -5.3787e-02, -5.5038e-02]],

         [[-5.1903e-02, -2.7518e-02,  1.6553e-02],
          [-5.2497e-02,  4.9589e-02, -3.7811e-02],
          [-1.8801e-02,  1.3761e-02, -3.3305e-02]]]], device='cuda:0')

----------------------colour_head.0.bias----------------------
tensor([-0.0026, -0.0512, -0.0527], device='cuda:0')

----------------------blending_mask_head.0.weight----------------------
tensor([[[[ 3.8243e-03, -2.3822e-02,  4.2128e-02],
          [-3.3639e-02,  3.3004e-02,  4.3360e-02],
          [-1.5712e-02, -1.1060e-02,  1.8392e-02]],

         [[-3.1953e-02,  1.6501e-02, -1.7224e-02],
          [-1.4685e-02, -4.6748e-02,  4.7351e-02],
          [-5.0999e-02, -1.0687e-02,  2.3954e-02]],

         [[-4.1017e-02,  4.7455e-03,  5.6741e-02],
          [ 1.7125e-02,  4.0757e-02, -4.4494e-02],
          [ 3.0756e-02,  2.7960e-03,  6.7909e-03]],

         [[-2.1607e-02, -1.2944e-02,  3.5985e-02],
          [ 3.6019e-02, -4.6230e-02,  5.0355e-02],
          [ 5.5723e-02, -2.0723e-02,  7.6134e-03]],

         [[ 3.2125e-02, -5.7558e-02,  2.1691e-02],
          [ 5.1730e-02, -1.6690e-02, -4.8346e-02],
          [-3.6468e-02,  3.7555e-02, -3.7992e-03]],

         [[-3.2103e-03,  9.3500e-03,  2.0087e-02],
          [ 3.4497e-02,  2.6690e-03, -5.7348e-02],
          [ 3.8512e-02,  3.7047e-02,  4.0607e-03]],

         [[-3.2959e-02, -1.3062e-02,  2.5942e-02],
          [ 4.3724e-02, -5.2641e-02,  9.8341e-03],
          [ 5.3096e-03,  1.3792e-02, -1.4492e-02]],

         [[-5.1509e-03, -5.7120e-02, -4.5715e-03],
          [-4.9492e-02,  5.0392e-02,  2.3317e-02],
          [ 2.1652e-02, -3.0578e-02, -2.4750e-02]],

         [[ 6.6404e-03, -1.0344e-02, -9.5308e-04],
          [ 5.7166e-03,  3.5605e-04, -5.0685e-02],
          [ 5.6274e-02, -2.4757e-02,  8.0630e-03]],

         [[-3.8232e-02,  5.1918e-02, -2.7394e-02],
          [ 3.2390e-02,  2.2474e-02, -1.0178e-02],
          [ 1.3345e-02, -4.3490e-02, -5.3049e-02]],

         [[ 3.1935e-02,  3.6939e-02, -4.8641e-02],
          [-1.9747e-02, -5.4280e-02, -4.8739e-02],
          [ 9.4719e-03, -1.4152e-02,  5.6359e-02]],

         [[ 4.3975e-02, -3.4836e-02,  4.7956e-02],
          [ 3.4365e-02,  5.2329e-02, -1.6092e-02],
          [-2.5145e-03, -3.1879e-02, -2.7069e-02]],

         [[ 5.3714e-02,  4.5019e-02, -5.8811e-02],
          [ 3.0664e-02, -2.1306e-02, -4.6372e-02],
          [ 2.6935e-02,  9.6960e-03, -1.6660e-02]],

         [[ 5.8721e-02, -3.6517e-02,  3.5050e-02],
          [ 3.6885e-02, -2.9280e-02,  3.2748e-02],
          [-2.9344e-02, -2.7205e-02,  4.0258e-02]],

         [[ 4.9470e-02, -3.9690e-02,  5.6922e-02],
          [-5.6402e-02,  2.4438e-02, -5.1858e-02],
          [-1.1488e-02, -4.9481e-02,  4.7728e-02]],

         [[-3.4637e-02, -5.2112e-02, -2.5718e-02],
          [ 3.7507e-02,  2.2570e-02,  2.4030e-02],
          [ 4.3595e-02, -1.4357e-02,  3.2243e-02]],

         [[-5.3732e-02, -4.7024e-02,  3.2458e-02],
          [-4.2276e-02,  1.6599e-02,  1.8116e-02],
          [ 3.4208e-02,  4.3478e-02,  1.4858e-02]],

         [[-4.6730e-03, -5.1309e-02, -2.9988e-02],
          [-1.5009e-02,  2.4722e-02, -3.6166e-02],
          [-1.5680e-02, -1.2948e-03, -7.7945e-04]],

         [[-4.1574e-02,  3.4282e-02,  7.3302e-03],
          [ 5.0026e-02, -4.4623e-02,  3.8444e-04],
          [ 1.7083e-02,  2.7825e-02, -4.6006e-02]],

         [[-2.7248e-02, -2.6490e-04, -3.7192e-02],
          [-4.6929e-02,  7.5188e-03,  3.4164e-02],
          [-5.7062e-02, -1.8654e-02, -5.8325e-02]],

         [[ 1.0489e-02,  2.0073e-02, -5.3676e-02],
          [ 1.5515e-02, -1.9750e-02, -1.1025e-02],
          [-4.4056e-02, -6.8008e-03,  2.7534e-02]],

         [[-3.2256e-02, -2.0441e-02, -3.4900e-02],
          [-2.7112e-02,  4.9225e-02,  4.0200e-02],
          [-2.6626e-02,  5.8251e-02,  2.2109e-02]],

         [[ 1.9063e-02, -4.5086e-02, -1.4642e-02],
          [ 5.2047e-02,  3.8925e-02,  3.0392e-02],
          [-2.8381e-02, -1.4622e-02,  2.4339e-02]],

         [[ 1.9925e-02, -1.8051e-02, -2.9947e-02],
          [-4.7556e-02, -4.6942e-02, -2.4364e-02],
          [ 3.1081e-02, -2.8656e-02,  1.9180e-02]],

         [[-4.1334e-02, -1.8556e-03, -3.5184e-02],
          [-2.7217e-02,  3.5470e-02,  1.5600e-02],
          [ 5.1993e-02,  1.5030e-02,  1.4775e-03]],

         [[ 4.7799e-02, -4.1305e-02,  3.4046e-02],
          [-1.5902e-04, -1.7156e-03, -3.6545e-02],
          [-2.6645e-04, -3.7892e-02,  3.3961e-02]],

         [[-3.9134e-02, -6.0324e-03,  5.5844e-02],
          [-4.9825e-03, -4.7262e-02,  1.4819e-02],
          [ 1.5168e-02, -2.9269e-02, -5.0283e-02]],

         [[-5.8858e-02, -3.1825e-02,  1.5390e-03],
          [-5.2834e-02, -4.9356e-02,  1.8131e-02],
          [-4.7566e-02,  3.6859e-04,  1.6105e-02]],

         [[ 5.2304e-02, -9.8743e-05,  1.4547e-02],
          [ 4.5515e-02,  1.5156e-02,  5.2477e-02],
          [-8.8480e-03,  5.8018e-02, -3.6679e-02]],

         [[ 4.0794e-02,  8.9812e-03, -2.4498e-03],
          [ 5.6351e-02,  2.8435e-02,  9.0100e-03],
          [-1.3810e-02,  5.0317e-02,  3.6148e-03]],

         [[ 1.3639e-02, -3.9067e-03, -2.2013e-02],
          [-3.1424e-02,  3.2275e-02,  1.0600e-02],
          [ 9.5203e-03,  2.8448e-03, -2.1418e-02]],

         [[-2.4275e-03, -2.9674e-02,  5.9736e-03],
          [ 2.7001e-02, -5.6317e-02,  5.0635e-02],
          [-1.7429e-02,  4.7011e-02,  4.8313e-02]]]], device='cuda:0')

----------------------blending_mask_head.0.bias----------------------
tensor([0.0247], device='cuda:0')

----------------------input_conv.weight----------------------
tensor([[[[ 7.3568e-02,  7.9868e-02, -2.2543e-02],
          [ 8.8393e-02, -2.1083e-02,  1.9417e-02],
          [-4.6848e-02,  5.6511e-02,  8.4827e-02]],

         [[-7.0593e-02,  8.3638e-02,  1.8009e-02],
          [ 7.1092e-02,  1.3031e-02,  4.6398e-02],
          [-1.3586e-02,  7.4179e-02,  1.4222e-02]],

         [[-4.4922e-02,  2.4527e-02, -4.4334e-02],
          [-1.1285e-02, -3.9083e-02,  6.3833e-02],
          [-7.5957e-02, -4.4361e-02, -2.7172e-02]],

         ...,

         [[-6.5598e-02,  5.1054e-02, -3.8895e-02],
          [ 5.8400e-02, -2.2835e-02,  5.5044e-02],
          [-7.4764e-02, -4.8560e-02,  2.9335e-02]],

         [[ 2.0343e-02, -2.4533e-02,  5.7357e-02],
          [ 6.5415e-02, -6.9780e-02, -5.1371e-02],
          [ 8.8110e-02, -3.2469e-02, -3.4113e-02]],

         [[-9.3107e-02, -5.5105e-02,  2.4037e-02],
          [-1.2701e-02, -6.9848e-02,  2.2572e-03],
          [-6.5730e-02, -8.1637e-02, -5.2988e-02]]],


        [[[-8.4217e-02, -6.1270e-02,  9.6187e-02],
          [ 1.8174e-02,  2.9653e-02, -8.9748e-02],
          [-6.3198e-02, -3.2029e-02,  1.5047e-02]],

         [[-8.4670e-02, -4.1461e-02, -5.7607e-02],
          [ 2.6668e-04, -3.5806e-02, -6.6680e-03],
          [-6.5205e-02, -6.6048e-02, -5.6138e-02]],

         [[-3.2938e-02, -7.5949e-02,  8.0682e-02],
          [-1.9097e-02,  8.2792e-02,  2.9982e-02],
          [-8.1483e-02,  6.6591e-02, -2.6476e-02]],

         ...,

         [[ 1.0294e-02, -1.6999e-02, -2.8675e-02],
          [ 6.1508e-02,  8.2696e-02, -9.5260e-03],
          [-2.1544e-02,  1.4042e-03, -5.7454e-03]],

         [[ 2.3134e-02,  2.6965e-02, -8.7397e-02],
          [-3.5511e-02,  8.1034e-02,  3.7485e-02],
          [-4.7861e-03, -5.8015e-02, -5.8871e-02]],

         [[-8.6195e-02, -3.1366e-02,  3.2496e-02],
          [ 6.1355e-02,  4.4427e-02, -8.5058e-02],
          [-5.7866e-02, -1.5186e-02,  9.3083e-02]]],


        [[[ 1.3920e-02, -2.4919e-02,  3.9810e-02],
          [-3.6650e-02, -6.2282e-02,  7.0233e-02],
          [-4.3754e-02, -1.9290e-02, -9.5725e-02]],

         [[ 6.4401e-02,  7.2903e-02,  3.5069e-02],
          [-6.7095e-02, -9.4968e-02, -7.8152e-02],
          [ 7.1755e-02,  4.6198e-02,  8.0974e-02]],

         [[ 5.0409e-02,  2.4354e-02, -9.4237e-04],
          [-7.3180e-02, -8.2443e-02, -9.0004e-02],
          [ 3.9391e-02, -4.7243e-02, -1.9366e-02]],

         ...,

         [[-7.5078e-03, -3.2044e-02, -3.1131e-02],
          [ 3.0918e-03, -2.0411e-02, -3.3131e-02],
          [-4.6073e-02, -7.8311e-02,  8.0685e-02]],

         [[-3.8508e-02,  2.5498e-02, -3.3387e-02],
          [ 7.8191e-03,  8.9711e-02,  4.4333e-02],
          [-8.3389e-02,  3.8192e-02,  9.1341e-02]],

         [[ 2.5315e-02,  6.4512e-02,  9.4867e-02],
          [-1.4745e-02,  1.9972e-02, -6.6880e-02],
          [-1.9830e-02,  7.1263e-02,  4.9329e-02]]],


        ...,


        [[[ 7.5588e-02, -5.0101e-02, -8.2694e-03],
          [-4.5425e-02,  4.0025e-02, -3.3831e-02],
          [ 2.9352e-02,  5.7472e-03, -6.3168e-02]],

         [[-6.4692e-02, -9.3986e-02, -5.3828e-02],
          [ 2.6879e-02,  5.8606e-03,  7.2370e-02],
          [-8.4612e-02, -2.8138e-03, -8.6280e-02]],

         [[ 5.6094e-04,  3.5055e-02, -8.6318e-02],
          [ 8.4979e-02, -2.9889e-02,  8.5256e-02],
          [-1.6154e-02,  5.4587e-02,  8.7473e-02]],

         ...,

         [[-1.5733e-02,  7.5294e-02,  7.7454e-02],
          [ 6.3559e-02,  7.3715e-02, -4.9454e-02],
          [-1.6605e-02, -3.8447e-02,  5.0007e-02]],

         [[ 2.3980e-02, -7.4329e-02, -1.2087e-02],
          [-7.8467e-02, -9.0559e-02,  8.7721e-02],
          [-4.8403e-02,  4.2948e-02, -2.1427e-02]],

         [[-1.9485e-02, -6.2074e-05,  7.5049e-02],
          [-1.3311e-02,  7.9623e-02,  5.6302e-02],
          [ 6.6011e-02, -8.7270e-02, -4.4994e-02]]],


        [[[-7.8397e-02, -2.0437e-02, -1.9930e-02],
          [ 1.9553e-02,  8.6215e-02,  4.3196e-02],
          [-6.6959e-02, -6.0347e-02,  7.2660e-02]],

         [[ 9.5786e-03,  2.7184e-02, -5.0329e-02],
          [-1.1735e-02,  2.7396e-02, -6.3145e-02],
          [ 6.2802e-02,  4.7953e-02, -5.6116e-02]],

         [[-3.9460e-02, -2.2623e-02,  1.4975e-02],
          [-3.5297e-02,  9.2051e-02, -9.2685e-02],
          [-5.4386e-02, -5.8407e-02,  2.6017e-02]],

         ...,

         [[ 1.4277e-02, -9.3543e-02, -1.7006e-02],
          [-2.6107e-02, -4.1060e-02, -5.3376e-02],
          [-7.8064e-02,  9.4772e-02, -8.7893e-02]],

         [[ 8.9449e-02, -7.5643e-02, -2.3346e-02],
          [-3.9420e-02, -5.1504e-02,  3.4211e-02],
          [ 5.5772e-02, -6.3210e-02, -4.4817e-02]],

         [[ 4.9116e-02, -1.1631e-02,  2.3435e-02],
          [ 5.0312e-02, -3.5568e-02, -5.3402e-02],
          [ 3.5420e-02, -3.5237e-02, -6.4051e-02]]],


        [[[-4.8538e-02, -4.4742e-02,  9.5813e-02],
          [ 1.8505e-02,  4.1441e-02,  1.2925e-02],
          [-6.4870e-02,  6.9440e-02, -1.4959e-02]],

         [[-2.4916e-02,  7.8419e-02, -4.9018e-02],
          [ 1.9538e-02, -8.1857e-02,  4.9307e-02],
          [ 3.8221e-02, -7.9126e-02,  5.3706e-02]],

         [[ 1.0588e-02, -4.9688e-02,  8.2044e-02],
          [ 4.1325e-02,  3.3814e-02, -3.5741e-02],
          [-5.2763e-02, -5.1777e-02,  3.6151e-02]],

         ...,

         [[-8.5063e-02,  3.5750e-02, -7.9116e-02],
          [ 5.6159e-02,  1.7593e-02,  8.2562e-02],
          [-7.2576e-02,  6.1929e-02, -6.4218e-02]],

         [[-5.1940e-02,  3.6600e-02, -1.6196e-02],
          [-7.5973e-02, -8.1879e-02, -2.4982e-02],
          [ 2.6643e-02,  8.4520e-02,  7.0769e-02]],

         [[ 1.5768e-03, -5.9024e-02, -8.5790e-02],
          [ 8.5968e-02, -5.3650e-02, -1.6923e-02],
          [-7.7645e-02, -6.6512e-02,  1.8671e-02]]]], device='cuda:0')

----------------------input_conv.bias----------------------
tensor([-0.0238,  0.0110, -0.0007,  0.0049, -0.0191, -0.0037,  0.0418,  0.0703,
         0.0813, -0.0785, -0.0813, -0.0144, -0.0073,  0.0531,  0.0906,  0.0247,
        -0.0683, -0.0109,  0.0622,  0.0355, -0.0681,  0.0056, -0.0929, -0.0388,
         0.0673, -0.0417,  0.0587, -0.0785,  0.0851,  0.0459,  0.0624,  0.0263],
       device='cuda:0')

----------------------body.0.weight----------------------
tensor([[[[ 4.1747e-03, -2.9020e-02, -3.2515e-02],
          [-4.0465e-02,  4.8699e-02, -2.0452e-02],
          [ 1.4355e-03, -5.5396e-02,  1.5815e-02]],

         [[-2.0087e-02, -4.7130e-02,  7.2928e-03],
          [-5.4283e-02, -5.8057e-03, -4.8121e-02],
          [ 3.7253e-02, -4.6797e-02,  9.6240e-03]],

         [[ 2.9177e-02, -4.7082e-02,  3.8146e-02],
          [ 4.7990e-02, -3.6121e-02,  4.9342e-03],
          [ 1.7869e-02,  4.8802e-02,  4.6037e-02]],

         ...,

         [[ 3.9434e-02,  3.6855e-02, -4.7687e-02],
          [-4.3722e-02, -2.1627e-02, -4.2391e-02],
          [ 1.8475e-02, -3.8607e-02, -4.4988e-02]],

         [[ 1.7163e-02,  3.5563e-02, -1.7131e-02],
          [-5.8717e-02,  8.3280e-03,  3.0197e-02],
          [ 4.6031e-02,  5.5909e-03,  4.0908e-02]],

         [[-5.2688e-02,  5.6373e-02, -3.8050e-02],
          [-4.0221e-02,  4.2289e-02, -1.3094e-02],
          [ 3.6365e-02, -4.1273e-02,  4.4582e-02]]],


        [[[ 5.5885e-02,  1.7842e-02,  4.7535e-02],
          [-4.2080e-02, -1.3011e-02,  1.7936e-02],
          [ 3.3298e-02, -3.1464e-02,  3.7496e-02]],

         [[-1.9394e-02, -3.1452e-02,  1.1527e-02],
          [-4.6935e-02, -5.4082e-02,  1.9593e-02],
          [ 2.0071e-02,  2.2660e-02, -7.7274e-03]],

         [[-4.3094e-02, -4.7337e-02,  5.6386e-02],
          [-5.1084e-02,  1.7760e-02,  4.7858e-02],
          [ 4.5018e-02, -3.7153e-02, -1.9000e-02]],

         ...,

         [[ 8.0987e-04,  5.0694e-02, -1.5313e-02],
          [ 1.5199e-02,  3.1228e-02, -1.1426e-02],
          [ 3.8504e-02,  3.8484e-02,  2.6239e-02]],

         [[-1.4376e-02,  5.1183e-02, -3.4049e-02],
          [ 1.8212e-02,  1.1832e-02,  4.1591e-02],
          [-4.8299e-02,  1.0273e-02, -3.3935e-02]],

         [[ 3.1232e-02,  2.0235e-02, -4.5837e-02],
          [-3.6891e-03,  1.6483e-02,  2.5102e-02],
          [ 5.2422e-02,  2.6463e-02,  1.1238e-02]]],


        [[[ 3.1434e-02, -5.5756e-02,  3.9289e-02],
          [-6.9264e-03,  3.3351e-02,  1.6876e-02],
          [-3.1057e-03,  4.1480e-02, -3.4349e-02]],

         [[ 1.6617e-02,  2.5832e-02, -2.0971e-02],
          [ 2.1347e-02, -5.8286e-02, -2.9761e-02],
          [ 2.8650e-02,  3.0371e-02, -5.4088e-02]],

         [[ 2.0392e-02,  5.5407e-03,  5.7520e-02],
          [-5.7475e-02, -1.4044e-02, -3.3372e-02],
          [-3.5855e-02, -9.6241e-03, -5.4157e-02]],

         ...,

         [[ 5.2531e-02, -1.0533e-02, -1.3412e-02],
          [ 1.7626e-02,  5.8549e-02,  1.7785e-02],
          [-5.6849e-02, -1.8805e-02,  5.4876e-02]],

         [[-2.0767e-02, -2.8348e-02, -4.6968e-02],
          [-3.2527e-02, -3.2217e-02,  1.4074e-02],
          [ 2.3543e-02,  5.6237e-02,  3.8671e-02]],

         [[ 8.7515e-04,  3.1783e-02,  3.3685e-02],
          [-5.0820e-02,  2.9738e-02, -4.0304e-02],
          [ 4.5507e-02, -2.5625e-02,  1.2231e-02]]],


        ...,


        [[[-5.5687e-02, -5.4184e-02, -2.8970e-02],
          [-5.9828e-03,  2.8868e-02, -2.0447e-02],
          [ 4.6640e-02,  4.8199e-02,  3.9638e-02]],

         [[-4.7646e-02,  2.3065e-02,  3.3472e-02],
          [ 4.3165e-02, -5.3257e-02, -1.2321e-02],
          [-2.9897e-02, -2.2172e-02,  1.7163e-02]],

         [[-3.2894e-03,  2.5589e-02, -4.3789e-02],
          [-1.8333e-02,  2.5241e-02, -2.1743e-02],
          [ 7.2590e-03, -3.9363e-02,  5.0862e-02]],

         ...,

         [[ 4.7936e-03, -2.6935e-02,  3.9372e-02],
          [-4.2857e-02, -8.9169e-04,  4.8641e-02],
          [ 1.2412e-02, -4.2430e-02,  5.8516e-02]],

         [[-3.4934e-02, -2.5050e-02,  3.6185e-02],
          [-3.5430e-02,  2.3570e-03,  2.1741e-02],
          [ 3.2640e-02, -3.6434e-02,  5.6219e-02]],

         [[ 4.3842e-02, -2.3441e-02,  3.4979e-04],
          [-2.0655e-02, -3.0373e-02,  5.1094e-02],
          [ 4.3802e-02,  1.5289e-02,  5.3006e-02]]],


        [[[-5.7237e-02,  4.3469e-03, -2.9168e-02],
          [ 3.1934e-02,  4.6654e-03, -4.6305e-02],
          [ 1.8456e-03,  2.4146e-02, -1.8129e-02]],

         [[-5.5759e-03, -4.1913e-02,  5.0785e-02],
          [-5.7042e-02, -3.4875e-02, -4.6490e-02],
          [-2.6202e-02, -3.2058e-02,  1.8590e-02]],

         [[ 5.0939e-02,  2.5623e-03,  1.3490e-02],
          [ 4.4510e-02, -5.8835e-02,  3.9203e-03],
          [ 2.6537e-02,  1.0759e-02, -2.4536e-02]],

         ...,

         [[ 2.2165e-05,  4.6903e-02, -4.0260e-02],
          [-2.1060e-02,  2.1307e-02,  1.1972e-02],
          [ 5.5391e-02,  9.7047e-03, -4.5154e-04]],

         [[ 7.7444e-03, -1.2120e-02, -5.4247e-02],
          [-2.0668e-02, -5.3416e-02,  4.3115e-02],
          [ 3.5653e-03,  6.8614e-03, -4.0896e-03]],

         [[-3.0234e-02, -4.1571e-02, -9.0194e-03],
          [ 1.7829e-02, -3.2246e-02, -3.6456e-02],
          [ 3.8284e-02, -2.0459e-02,  3.3197e-02]]],


        [[[ 5.6410e-02,  5.5383e-02, -4.5559e-02],
          [ 4.3696e-03, -4.6204e-02,  2.4310e-03],
          [ 8.1934e-03, -2.5505e-02,  1.7488e-02]],

         [[-1.8473e-02,  3.3199e-02,  5.6175e-04],
          [ 4.0902e-02,  3.9828e-02,  1.3158e-02],
          [ 1.1001e-02, -2.6670e-02, -3.8912e-02]],

         [[ 3.9728e-02,  3.8886e-02,  9.2407e-03],
          [ 4.9440e-02,  3.0768e-02,  3.8492e-02],
          [-1.1302e-02,  8.4231e-03, -5.2980e-02]],

         ...,

         [[-2.3690e-03, -2.5030e-02, -3.6136e-02],
          [-1.7620e-02,  5.1403e-02, -3.7618e-02],
          [-5.4562e-02,  1.7528e-02,  1.9977e-02]],

         [[-4.9925e-02, -2.6450e-02,  5.1076e-02],
          [-2.7853e-02,  2.4723e-02, -2.8286e-02],
          [-5.2020e-02, -5.6843e-02,  4.4948e-02]],

         [[ 1.8061e-02,  1.6754e-02,  2.0277e-02],
          [ 2.2705e-02,  3.8897e-02,  4.5204e-02],
          [ 4.5435e-02,  1.8931e-02,  1.0519e-02]]]], device='cuda:0')

----------------------body.0.bias----------------------
tensor([ 0.0126, -0.0477,  0.0263,  0.0145,  0.0256, -0.0145,  0.0489,  0.0071,
        -0.0140, -0.0017, -0.0235, -0.0087,  0.0500,  0.0196, -0.0066,  0.0022,
         0.0135, -0.0340, -0.0323,  0.0519,  0.0003,  0.0175, -0.0271, -0.0433,
         0.0117,  0.0318, -0.0555, -0.0583, -0.0197,  0.0381, -0.0527,  0.0471],
       device='cuda:0')

----------------------body.2.weight----------------------
tensor([[[[ 5.3289e-02, -1.3224e-02,  3.7639e-03],
          [-2.4337e-03,  5.7409e-02,  6.5482e-03],
          [ 1.4398e-02, -2.0162e-02, -7.1971e-04]],

         [[-3.1249e-02,  2.9615e-03, -8.1775e-03],
          [ 1.0982e-02,  1.1455e-02, -4.8213e-02],
          [ 3.9367e-02,  3.2412e-02,  4.1508e-02]],

         [[ 4.3393e-02,  1.5201e-02,  3.2209e-02],
          [ 2.9041e-02,  3.5130e-02, -3.5488e-02],
          [ 2.7916e-02, -4.7242e-03,  2.2789e-02]],

         ...,

         [[-3.2456e-02,  3.5424e-02,  2.0297e-03],
          [ 9.8420e-05,  7.9548e-03, -4.4732e-04],
          [ 2.9121e-02, -4.7153e-03, -2.0807e-02]],

         [[ 6.1429e-03, -3.4503e-02,  2.3586e-02],
          [ 5.9273e-03,  2.9725e-02, -1.0333e-02],
          [-3.3294e-04, -2.8059e-02, -2.6453e-02]],

         [[ 1.4561e-03,  3.0163e-02, -2.2296e-02],
          [ 4.6307e-02, -1.9896e-02, -1.2115e-02],
          [ 4.7216e-02, -1.0697e-02,  3.2046e-02]]],


        [[[-5.8020e-03,  3.5025e-02,  7.6638e-03],
          [-2.7766e-02, -3.8816e-02,  3.4980e-02],
          [ 1.4481e-02, -9.1518e-03, -1.1258e-02]],

         [[-2.4460e-02, -4.0814e-02,  1.3072e-02],
          [-5.0103e-02, -7.8181e-04,  4.2109e-02],
          [ 2.6884e-02,  3.1835e-02,  1.0892e-02]],

         [[-3.2960e-02,  3.0038e-02,  4.5983e-02],
          [ 2.4118e-02,  4.1044e-02, -4.7579e-02],
          [-5.1275e-02, -1.3647e-02,  1.5505e-02]],

         ...,

         [[ 5.4969e-03, -5.2399e-02, -3.9238e-02],
          [ 2.7249e-03, -1.5615e-02, -4.5577e-02],
          [-1.7856e-02, -5.4116e-02, -6.7284e-03]],

         [[-6.8684e-03,  3.0888e-03,  5.0049e-03],
          [-1.0264e-02,  4.7025e-02, -2.1097e-02],
          [ 2.6629e-02,  2.2247e-02, -7.2226e-03]],

         [[-4.3183e-02, -4.9651e-02,  1.6311e-02],
          [ 1.8016e-02,  3.5739e-02, -2.6083e-02],
          [ 4.7575e-02,  5.8918e-02, -9.3722e-03]]],


        [[[-2.2963e-02, -1.8509e-02, -5.1230e-02],
          [ 3.3970e-02,  6.4219e-03,  2.7148e-02],
          [ 3.7860e-02, -2.5024e-02,  5.4877e-04]],

         [[ 4.7635e-02, -4.5425e-02,  5.1808e-02],
          [ 3.0642e-02, -1.8505e-02, -4.8112e-02],
          [ 3.1474e-02,  2.8114e-02, -2.6684e-02]],

         [[ 2.8057e-02,  1.7492e-02,  5.8007e-02],
          [ 3.0145e-02,  9.1009e-03, -5.8322e-02],
          [ 4.7960e-02,  5.0596e-02, -1.6330e-02]],

         ...,

         [[ 5.3149e-02, -4.6677e-02,  1.6663e-02],
          [ 2.9293e-02, -5.1142e-03,  5.1810e-02],
          [-5.4802e-02, -8.5540e-03, -3.1004e-02]],

         [[ 2.3217e-02,  5.7615e-02, -5.7681e-02],
          [-2.6267e-02, -4.3637e-02, -3.3051e-02],
          [ 1.7814e-02,  8.6872e-04, -4.6153e-02]],

         [[-3.6133e-02, -3.8591e-02,  4.4718e-03],
          [-4.8527e-02, -4.6073e-02, -4.7209e-02],
          [ 4.7529e-02,  4.3039e-02, -2.7880e-02]]],


        ...,


        [[[ 3.2472e-02, -4.7256e-02,  3.8244e-02],
          [ 1.7589e-02,  5.7350e-02,  2.5959e-03],
          [ 5.8841e-03,  1.3551e-02,  4.7659e-02]],

         [[-4.9083e-02,  3.2581e-02,  3.3914e-02],
          [-4.7507e-03, -4.0063e-02,  4.5499e-02],
          [ 3.5857e-02, -1.3653e-02,  1.0240e-02]],

         [[-1.8044e-02, -2.6552e-02,  5.8533e-02],
          [ 2.3719e-02,  3.7523e-03,  3.7459e-02],
          [ 3.9433e-02,  3.1528e-02,  2.6233e-02]],

         ...,

         [[ 1.5625e-02,  9.6888e-03,  4.7591e-02],
          [-5.7881e-02,  6.2014e-03, -3.2330e-02],
          [-2.6352e-02, -3.7805e-02, -1.3850e-02]],

         [[-5.5253e-02, -5.4714e-02,  3.9744e-02],
          [ 3.6116e-02, -2.2089e-02, -1.9257e-02],
          [-2.0983e-02,  1.4559e-02, -2.3411e-02]],

         [[ 2.4305e-02, -1.4642e-04,  1.4991e-02],
          [-2.9588e-02, -2.9119e-02,  2.5278e-02],
          [ 4.4948e-02, -3.1946e-02,  3.0740e-02]]],


        [[[-4.2465e-03,  5.8103e-02, -2.5303e-02],
          [ 5.0055e-02,  2.4219e-02,  4.5473e-02],
          [-3.3194e-04,  3.9934e-02,  6.1636e-04]],

         [[ 8.8718e-04, -1.0390e-02,  1.6870e-02],
          [ 5.6801e-02,  4.7188e-02, -3.2392e-02],
          [-2.4566e-02,  3.2072e-02, -2.2416e-02]],

         [[-1.8855e-02,  1.2558e-02, -3.3740e-02],
          [-4.2649e-02,  4.7368e-02, -5.3311e-02],
          [-3.5559e-02,  2.6615e-02, -8.5513e-03]],

         ...,

         [[ 3.9765e-02, -5.7179e-02,  1.3714e-02],
          [-2.9494e-03, -1.3631e-03, -4.2932e-02],
          [-6.3853e-03, -1.3293e-02, -2.0079e-02]],

         [[ 4.9000e-02, -5.2462e-02,  5.9025e-03],
          [ 2.6407e-02,  1.1213e-02,  4.0565e-02],
          [ 7.2897e-03,  3.6765e-02,  2.7737e-02]],

         [[-3.9143e-02, -5.0650e-02, -2.9394e-02],
          [-3.4173e-02, -4.4124e-02,  1.2874e-02],
          [-4.5956e-02, -4.2961e-02, -2.0282e-02]]],


        [[[-5.5570e-02, -3.6924e-02, -1.3006e-02],
          [ 3.7295e-03,  2.5096e-02,  5.2340e-02],
          [-1.1693e-02, -3.4877e-02, -3.6758e-02]],

         [[-4.2646e-02,  3.7989e-02,  5.2061e-02],
          [ 1.4729e-02,  1.4483e-02,  1.9223e-02],
          [ 3.9712e-02,  3.2944e-02,  3.9219e-02]],

         [[ 2.0063e-02,  7.4016e-03, -1.5459e-02],
          [ 3.6593e-02,  1.6931e-02,  3.6524e-02],
          [ 5.6115e-02,  4.4095e-02,  5.4271e-02]],

         ...,

         [[ 1.6987e-02,  1.1773e-02, -4.7548e-02],
          [-3.3882e-02,  5.7217e-02, -4.1533e-03],
          [-8.0676e-03, -2.6608e-02,  2.2009e-02]],

         [[ 2.2255e-02,  2.2886e-02, -2.1387e-02],
          [ 2.9726e-02,  3.8010e-02,  5.5073e-02],
          [-5.6137e-02,  2.1571e-02, -2.1173e-02]],

         [[-1.6701e-02, -4.3125e-02,  1.6739e-02],
          [-4.7099e-02, -3.4594e-02, -2.5624e-03],
          [ 2.1574e-02,  2.6040e-02,  3.7122e-02]]]], device='cuda:0')

----------------------body.2.bias----------------------
tensor([-0.0582, -0.0282,  0.0100, -0.0421, -0.0320, -0.0239,  0.0294,  0.0258,
        -0.0225, -0.0299,  0.0119,  0.0172,  0.0527,  0.0422, -0.0161, -0.0047,
         0.0319,  0.0131,  0.0287,  0.0543,  0.0203, -0.0040, -0.0576, -0.0272,
         0.0277,  0.0536,  0.0199, -0.0411, -0.0476,  0.0567, -0.0178, -0.0150],
       device='cuda:0')

----------------------body.4.weight----------------------
tensor([[[[-1.1774e-02,  3.3725e-02,  5.2835e-02],
          [ 2.0583e-02,  3.8321e-02,  5.1535e-02],
          [-5.6813e-02, -2.3495e-02, -3.0981e-02]],

         [[ 2.9861e-02,  4.1977e-02,  8.0607e-03],
          [ 3.9757e-02, -5.5287e-02, -1.1109e-02],
          [ 6.4734e-03, -5.2065e-03,  4.5326e-02]],

         [[-2.3323e-02,  4.8289e-02, -1.6714e-02],
          [ 3.2031e-03,  1.0031e-02,  4.9777e-02],
          [-1.1634e-02, -4.0804e-03,  4.1952e-02]],

         ...,

         [[-6.9967e-03, -1.6221e-02,  4.6669e-02],
          [ 1.7492e-02,  6.4063e-03,  5.3042e-02],
          [-2.9592e-02,  4.6795e-02,  2.9454e-02]],

         [[-3.7681e-02,  5.3869e-02,  2.0419e-02],
          [-4.2795e-02,  5.0469e-02, -4.8053e-02],
          [ 7.9651e-03,  2.6983e-02,  3.1380e-02]],

         [[-5.1896e-02,  5.1603e-02,  5.1590e-02],
          [ 3.4508e-02,  2.0175e-02, -3.7865e-02],
          [ 4.4251e-02,  3.6248e-03, -8.4288e-03]]],


        [[[-1.8612e-02,  3.7907e-03, -1.2287e-02],
          [-4.4090e-02, -3.8575e-02, -2.0888e-02],
          [-1.0672e-02, -3.0431e-02, -1.7062e-02]],

         [[-4.5138e-02, -4.1783e-02,  3.5253e-02],
          [-1.8352e-02, -1.8788e-02,  1.5811e-05],
          [ 9.2872e-03, -3.8221e-02,  2.6881e-02]],

         [[ 2.5288e-02,  2.6200e-02, -4.2865e-02],
          [ 5.3093e-02,  3.1888e-02,  1.6786e-02],
          [ 3.2470e-02, -3.3581e-02,  2.2691e-02]],

         ...,

         [[ 4.7831e-02, -1.8441e-02,  5.3244e-02],
          [ 3.1420e-02,  2.0673e-02,  2.4774e-02],
          [-9.4323e-03, -1.4970e-02, -1.9884e-02]],

         [[-5.5199e-02, -1.8442e-02, -3.2263e-02],
          [-5.0132e-02, -4.4407e-02,  5.1220e-02],
          [ 3.1379e-03,  4.6891e-02,  3.6275e-02]],

         [[ 2.1990e-02, -4.6763e-02, -2.1452e-02],
          [ 2.1842e-02,  1.4244e-02, -4.8694e-02],
          [ 5.6616e-02,  4.7793e-02,  2.3353e-02]]],


        [[[-3.5824e-02,  2.6550e-02,  3.5295e-02],
          [ 2.6170e-02, -3.0331e-02,  6.8392e-04],
          [-4.6141e-02, -3.1184e-02, -3.4359e-02]],

         [[ 4.7908e-02, -4.3546e-02,  2.0497e-02],
          [ 5.6395e-04, -3.2520e-03,  1.5399e-02],
          [-4.3129e-02,  2.7112e-02,  4.2055e-02]],

         [[-5.6229e-02,  2.9282e-02, -6.6852e-03],
          [ 1.0836e-02, -1.2673e-02,  1.4580e-02],
          [ 3.3083e-02, -2.0242e-02, -5.1741e-02]],

         ...,

         [[ 1.4261e-02,  2.0907e-02, -3.5749e-03],
          [ 1.4985e-02,  1.5032e-02, -2.5354e-02],
          [ 4.9099e-02, -2.9911e-03, -7.3450e-04]],

         [[-3.7988e-02,  4.3431e-02,  5.1778e-02],
          [ 1.3309e-02, -3.7632e-02, -3.4787e-02],
          [-5.7549e-02, -4.5765e-03,  2.8681e-02]],

         [[-3.2612e-02, -2.9942e-02, -3.4296e-02],
          [ 1.0570e-02,  2.8785e-02, -4.3879e-02],
          [-3.0272e-02,  2.3883e-02,  4.3131e-02]]],


        ...,


        [[[ 5.6278e-02, -5.1871e-02, -2.9991e-02],
          [ 6.9241e-03, -2.0347e-02,  5.9403e-03],
          [ 3.4192e-02,  1.5084e-03,  3.7511e-02]],

         [[-4.2824e-02, -4.4721e-02, -4.9858e-02],
          [ 9.8812e-03, -4.1183e-02,  4.3062e-02],
          [ 2.7474e-02,  1.7623e-02, -7.9688e-03]],

         [[-4.4439e-02,  5.1252e-03, -5.1057e-02],
          [-5.5866e-02, -2.8165e-02, -2.8118e-02],
          [-4.4174e-02,  6.0217e-03, -5.6616e-02]],

         ...,

         [[-1.8693e-02, -1.3384e-02,  5.3229e-02],
          [-2.0714e-02,  2.1624e-03,  9.5600e-03],
          [ 5.7655e-02, -5.9064e-03,  3.5256e-02]],

         [[ 3.0117e-02, -6.1325e-03, -1.3832e-02],
          [-5.2600e-02, -2.4892e-03, -4.0418e-02],
          [ 2.6036e-03, -3.2511e-02, -1.2547e-02]],

         [[-3.6452e-02,  2.2724e-02,  3.6160e-02],
          [-2.0698e-02, -5.8276e-02, -2.2656e-02],
          [ 4.6383e-02,  4.4080e-02, -4.2104e-02]]],


        [[[ 5.1726e-03,  8.6303e-03, -3.7887e-02],
          [-9.9994e-03,  4.1054e-02,  5.6524e-02],
          [ 8.6073e-03, -4.4843e-02,  4.6749e-03]],

         [[ 8.9524e-03,  2.1886e-02,  2.6062e-03],
          [ 4.3632e-02, -2.0176e-02, -5.3705e-02],
          [-3.6746e-02, -1.4102e-02, -2.7480e-02]],

         [[-5.7213e-02,  1.6478e-02,  5.3499e-02],
          [ 7.4361e-03, -2.0125e-03,  3.2348e-03],
          [-4.4766e-02, -4.1732e-02,  1.9854e-02]],

         ...,

         [[ 3.0834e-03,  4.3673e-02, -2.2647e-02],
          [-4.3413e-02,  3.8941e-02, -3.1177e-02],
          [-1.2431e-02,  3.0695e-02,  1.0401e-02]],

         [[ 2.6214e-02, -5.5379e-02, -4.0149e-02],
          [ 4.3905e-02,  4.4987e-02,  8.0933e-03],
          [ 5.2849e-02, -1.1180e-02,  4.8152e-02]],

         [[-3.9690e-02, -4.7603e-02,  1.8113e-02],
          [-3.2679e-02,  1.2206e-02,  2.4217e-02],
          [ 5.3023e-02, -4.3712e-02, -3.4924e-02]]],


        [[[ 3.5621e-02,  5.8664e-03,  9.7256e-03],
          [-1.1865e-02,  5.4899e-02, -9.0577e-03],
          [-2.5958e-02,  5.0527e-02, -1.0980e-02]],

         [[ 3.0720e-02, -2.6638e-02,  2.5106e-03],
          [-7.7240e-03,  2.9382e-02, -3.3786e-02],
          [-4.8503e-02, -5.8920e-02, -4.0903e-02]],

         [[-4.4309e-03,  7.1539e-03,  5.3541e-02],
          [ 2.9036e-02, -2.9437e-02, -1.0696e-02],
          [ 1.7596e-02,  5.2089e-02, -4.3587e-02]],

         ...,

         [[ 2.0499e-02,  2.3901e-03, -1.3044e-02],
          [-3.3691e-03, -2.8150e-02, -4.1076e-02],
          [ 4.1637e-02, -4.2516e-02,  3.0504e-02]],

         [[-3.2558e-02, -1.4495e-02, -1.8869e-02],
          [ 4.9880e-02, -5.1981e-02, -2.0742e-04],
          [-2.8351e-02,  4.7881e-02,  1.9085e-03]],

         [[ 2.0382e-03, -4.0212e-02,  4.3614e-02],
          [ 3.5462e-02,  3.9258e-02, -3.4494e-02],
          [-4.4948e-02,  1.0711e-02, -1.6739e-02]]]], device='cuda:0')

----------------------body.4.bias----------------------
tensor([-0.0147,  0.0370, -0.0055,  0.0335, -0.0466,  0.0168, -0.0476, -0.0204,
         0.0277, -0.0387,  0.0323,  0.0347,  0.0215, -0.0102,  0.0099,  0.0083,
        -0.0200, -0.0473, -0.0030,  0.0309, -0.0264,  0.0204, -0.0190, -0.0220,
        -0.0447, -0.0548, -0.0225, -0.0205, -0.0425,  0.0584, -0.0507,  0.0303],
       device='cuda:0')

----------------------feature_head.weight----------------------
tensor([[[[ 4.1867e-02,  3.1746e-03,  4.4277e-02],
          [-2.3403e-02,  5.6658e-02,  1.8344e-02],
          [-7.7097e-03, -5.4451e-02,  1.0816e-02]],

         [[-5.4498e-02,  2.3879e-02, -2.8529e-02],
          [-3.4319e-02, -1.2968e-04, -4.0609e-02],
          [ 6.3639e-03,  1.0228e-02,  2.0947e-02]],

         [[ 5.0489e-02,  4.5056e-02,  3.9481e-02],
          [-3.0431e-02, -2.2019e-02,  5.3098e-02],
          [-2.9813e-02,  9.7923e-03,  3.2477e-02]],

         [[ 5.6716e-02,  1.8582e-02,  2.1025e-02],
          [ 5.5251e-02,  4.1742e-02, -2.7161e-02],
          [ 1.7952e-02,  7.9540e-03,  3.0463e-02]],

         [[-2.8864e-02, -8.2372e-03,  2.0131e-02],
          [ 4.5744e-02,  2.8119e-02, -4.0285e-02],
          [ 1.1249e-02, -1.3640e-02,  1.4047e-02]],

         [[ 1.8608e-02,  1.7062e-02, -3.1178e-02],
          [ 4.6003e-02,  1.4730e-03,  4.4543e-02],
          [ 3.2778e-02,  2.5783e-02, -1.7129e-02]],

         [[ 4.0698e-02, -8.0423e-03,  2.9358e-02],
          [-1.2030e-02, -7.7142e-03,  3.4229e-02],
          [-3.9252e-02, -3.0299e-02, -4.9480e-02]],

         [[ 4.4034e-02,  5.5345e-02,  8.5781e-03],
          [ 2.1658e-02,  2.9472e-02,  1.9276e-02],
          [ 6.3142e-03,  2.1523e-02,  3.5566e-02]],

         [[-3.6208e-02, -2.3868e-02, -5.9119e-03],
          [-5.8382e-02,  1.7730e-02,  8.2089e-03],
          [-1.3532e-03,  3.0797e-02, -3.5959e-02]],

         [[-9.6334e-03,  2.2338e-02,  1.6471e-02],
          [ 2.0247e-02, -1.8854e-02, -1.7574e-02],
          [-1.5495e-02, -4.9696e-02,  2.8702e-02]],

         [[-5.1384e-02,  4.6487e-02, -1.0265e-02],
          [ 1.5433e-02,  5.2421e-02,  3.1031e-03],
          [ 4.6091e-02,  1.6512e-02, -2.3075e-02]],

         [[-1.6662e-02, -2.0279e-02,  5.0539e-02],
          [-3.0372e-02, -2.2793e-02, -6.5852e-03],
          [-1.9902e-02, -3.7709e-02,  3.7708e-03]],

         [[ 3.3849e-02, -2.0642e-02, -1.5595e-02],
          [-4.3177e-02,  1.5145e-02,  1.1548e-02],
          [ 2.9771e-02,  4.8139e-02, -3.0901e-02]],

         [[ 4.2328e-02, -4.1217e-02, -1.3877e-02],
          [-4.6203e-02, -1.6559e-02, -3.7640e-02],
          [-5.3343e-02, -3.6218e-02, -2.4339e-02]],

         [[-4.8299e-02,  4.2836e-02,  5.0337e-02],
          [ 2.4525e-03, -8.7642e-03, -4.0735e-02],
          [ 5.1095e-02,  1.0292e-02, -1.6283e-03]],

         [[-1.5815e-02,  5.0745e-02,  3.9371e-02],
          [ 5.6352e-02,  5.0111e-02, -4.8688e-02],
          [-5.2372e-02, -3.7239e-02, -4.9404e-02]],

         [[-1.3181e-02, -1.8391e-02, -1.7256e-02],
          [ 2.1881e-02, -1.5030e-02,  3.5022e-02],
          [ 1.7759e-02,  4.9933e-02,  3.5182e-02]],

         [[-2.2770e-02, -2.3855e-02, -1.2104e-03],
          [-5.5685e-02, -3.4334e-02, -3.3554e-02],
          [ 4.5718e-02, -3.5163e-02, -3.6438e-02]],

         [[-4.3622e-02, -5.8836e-03, -3.5109e-02],
          [-5.2302e-02,  5.7089e-02, -2.2397e-02],
          [-4.3487e-03,  7.7315e-03,  3.1463e-03]],

         [[ 1.7110e-02,  2.6335e-02, -2.2395e-02],
          [-2.3484e-02, -6.9041e-03, -5.5354e-02],
          [-3.1282e-02,  2.5426e-02, -7.0745e-04]],

         [[-3.9725e-02, -3.8294e-02, -1.8900e-02],
          [ 5.3558e-02,  3.5285e-02, -4.2082e-02],
          [ 2.5829e-02, -4.4080e-02,  5.8301e-02]],

         [[ 8.6383e-03, -5.9230e-03,  4.7724e-02],
          [-6.8364e-03, -5.4644e-02,  3.9780e-02],
          [ 5.4461e-03, -4.9581e-02,  7.5219e-03]],

         [[ 4.2893e-02,  3.4402e-02, -5.3239e-02],
          [-3.2149e-02,  5.8911e-02,  5.1333e-02],
          [ 1.0942e-02, -1.3394e-02,  5.6981e-02]],

         [[ 5.4329e-03,  4.0867e-02, -5.8846e-02],
          [-4.0962e-02,  4.7788e-03, -2.1551e-03],
          [-3.1838e-03, -3.0560e-02,  1.8802e-02]],

         [[-5.1521e-02, -1.0188e-02, -5.3109e-02],
          [-1.6198e-02,  2.4427e-02, -1.1997e-02],
          [-4.7516e-02, -4.8422e-02,  2.0164e-02]],

         [[-1.2334e-02,  1.3172e-02,  3.1541e-02],
          [-2.0354e-02, -4.9370e-02,  3.2933e-02],
          [ 5.2849e-02, -3.4187e-02, -4.2660e-02]],

         [[-2.3774e-02,  9.6235e-03,  1.1837e-02],
          [ 2.0548e-02,  5.4315e-02, -3.8858e-02],
          [ 3.6881e-02,  5.6781e-02, -2.7761e-02]],

         [[-3.8132e-02,  5.3136e-02,  5.7874e-02],
          [ 1.2523e-02, -2.8000e-02, -1.8802e-02],
          [-5.7134e-02, -6.9210e-03, -3.0594e-02]],

         [[ 5.3702e-02, -4.9840e-03,  2.2339e-02],
          [ 3.5314e-02,  2.6534e-02,  2.3576e-02],
          [-2.7682e-03, -7.6065e-03, -4.8477e-02]],

         [[-3.2153e-02,  1.9153e-03,  5.4108e-02],
          [-1.1927e-03,  2.3094e-02,  2.4364e-02],
          [-4.9010e-02,  5.2441e-02,  2.1224e-02]],

         [[-9.6074e-03, -3.5226e-02, -4.1331e-02],
          [-1.9246e-02, -1.8266e-02, -4.6376e-03],
          [ 3.8436e-02, -3.4659e-02, -2.9783e-02]],

         [[-1.6728e-02, -2.9190e-02,  1.1435e-02],
          [-2.3362e-02, -2.5616e-02,  5.4520e-02],
          [-1.4410e-02, -4.5837e-02,  3.3801e-02]]],


        [[[-1.2406e-02, -2.6916e-02,  4.7693e-02],
          [-2.0513e-02, -2.8490e-02,  1.8097e-02],
          [-1.3668e-02,  4.7419e-02,  4.4113e-02]],

         [[-2.8507e-03, -1.6893e-02,  3.4713e-02],
          [ 3.3872e-02, -3.9191e-02,  1.6757e-02],
          [ 1.6545e-02,  5.8457e-02, -3.4335e-02]],

         [[-4.3798e-02, -1.6058e-02, -5.8143e-02],
          [-1.3456e-03,  2.9765e-02, -3.0525e-02],
          [ 5.5851e-02,  3.3716e-02,  3.6833e-02]],

         [[-3.7235e-02,  3.5484e-02,  3.8191e-02],
          [ 3.5456e-02, -4.3862e-02,  2.4367e-02],
          [ 1.3338e-02,  4.9411e-03,  5.2335e-02]],

         [[-2.0036e-04, -2.1108e-02, -3.8747e-02],
          [-4.1910e-02, -1.9824e-02,  4.2514e-02],
          [ 3.0205e-02,  2.5042e-02,  2.6642e-02]],

         [[ 1.2764e-02, -1.8012e-02,  2.1286e-02],
          [-1.6599e-02,  2.4466e-02,  2.8374e-02],
          [-4.0701e-02, -4.2451e-02, -5.8091e-02]],

         [[ 1.3933e-02, -2.1865e-02, -7.5049e-03],
          [ 7.4734e-03,  1.0243e-02, -5.0624e-02],
          [-6.4899e-03, -1.0701e-02, -1.3142e-02]],

         [[-5.8924e-02, -4.0758e-02, -1.3878e-02],
          [ 1.4157e-02,  4.2179e-02, -3.0793e-02],
          [-8.2076e-05,  4.4586e-02, -1.7861e-02]],

         [[ 2.3503e-02,  3.6753e-02, -1.5422e-02],
          [-3.3563e-02,  2.7976e-02,  1.8661e-02],
          [-2.4519e-02, -4.6531e-02, -4.9972e-03]],

         [[ 5.6567e-04,  3.0771e-02, -4.2900e-02],
          [ 1.1120e-02,  1.2014e-02,  1.4023e-02],
          [-4.6377e-02, -1.7733e-02, -5.8113e-02]],

         [[ 1.9455e-02, -3.2895e-02, -4.6113e-02],
          [ 4.3835e-02, -3.5813e-02,  1.6899e-02],
          [ 3.3703e-02,  2.2715e-02, -4.9617e-02]],

         [[-3.3573e-02, -5.3518e-02, -8.0930e-04],
          [ 2.0585e-02, -4.0178e-02,  2.6421e-02],
          [-5.2998e-02, -4.3555e-02, -3.3544e-02]],

         [[-7.1469e-03,  5.8813e-02,  5.8575e-02],
          [-5.6355e-02,  2.0573e-03,  3.3527e-02],
          [-6.1727e-03, -2.0518e-02,  1.2687e-02]],

         [[ 5.8298e-02, -3.2211e-02,  6.1014e-03],
          [ 5.0267e-03, -3.0485e-02, -3.4596e-02],
          [-7.0720e-03,  4.7413e-02,  1.0555e-02]],

         [[-4.6154e-02,  3.6790e-02, -9.6836e-03],
          [-1.9639e-02,  5.5150e-02, -4.9169e-02],
          [-3.3437e-02, -2.9303e-02,  5.9228e-03]],

         [[ 2.6619e-02, -5.1944e-02,  7.2430e-03],
          [ 2.0945e-02, -1.0133e-02, -5.0069e-02],
          [ 4.4407e-02,  7.6054e-03,  3.0642e-03]],

         [[ 3.6273e-02,  5.4203e-02,  2.1526e-02],
          [-2.1806e-02, -5.6139e-03, -2.1208e-02],
          [ 3.2546e-02,  4.4147e-02,  3.6053e-02]],

         [[ 4.9536e-02,  4.0154e-02,  2.4615e-02],
          [-5.8340e-02,  9.5437e-03, -2.1418e-02],
          [-2.5890e-02,  8.6885e-03,  1.1092e-02]],

         [[-4.9884e-02, -9.2754e-03,  2.4834e-02],
          [ 2.1883e-02,  1.2303e-02,  3.8466e-02],
          [ 1.6777e-02, -1.3190e-02,  3.9531e-02]],

         [[ 1.1120e-02,  3.6833e-02, -1.8143e-02],
          [-5.6461e-02, -1.8163e-02, -1.7328e-02],
          [ 3.6482e-02,  2.4127e-02, -8.1195e-03]],

         [[-2.6283e-02, -3.4133e-03,  5.4218e-04],
          [ 5.0612e-02, -7.7462e-03,  1.0211e-02],
          [-4.0183e-03,  9.1660e-03, -5.3921e-02]],

         [[ 2.6576e-03,  1.1665e-02,  7.4983e-04],
          [ 3.9129e-02,  3.3643e-02, -1.5591e-02],
          [ 3.6450e-02, -4.2077e-02,  9.8075e-03]],

         [[ 1.3444e-02,  2.7440e-02,  1.6864e-02],
          [-9.5332e-03, -2.9669e-02, -1.3369e-02],
          [ 6.6658e-03, -5.3257e-02,  2.0312e-02]],

         [[ 5.5556e-02, -2.2188e-02,  2.0295e-02],
          [ 2.0975e-02, -2.3204e-02,  3.2076e-02],
          [ 1.7487e-03,  4.5253e-02, -1.8470e-02]],

         [[ 4.2163e-02, -4.3668e-02, -1.1850e-03],
          [-2.9037e-02, -1.2181e-02,  9.6005e-03],
          [ 5.6855e-02, -1.7658e-02,  3.0464e-02]],

         [[ 3.3570e-02,  5.1339e-02,  6.2296e-03],
          [ 1.0921e-02, -4.7420e-02, -1.7262e-02],
          [-2.6051e-02,  5.6215e-02,  2.5215e-02]],

         [[-2.9975e-03, -3.5380e-03,  3.1703e-02],
          [ 5.1796e-02, -3.7348e-02,  1.5601e-02],
          [ 2.4867e-03, -4.3893e-02,  2.6869e-02]],

         [[ 2.2679e-02, -1.0942e-02,  2.4956e-02],
          [-3.4925e-02, -4.8239e-02, -5.6389e-02],
          [-3.0720e-02, -1.8910e-02, -1.8815e-02]],

         [[-5.5755e-02,  1.7554e-02, -1.0392e-02],
          [-5.3147e-02, -5.5637e-02,  4.0623e-02],
          [-5.0680e-02,  3.4174e-02,  7.3089e-03]],

         [[ 4.5775e-02, -5.0945e-02,  2.6160e-02],
          [ 2.7374e-02, -3.6524e-03,  2.5228e-03],
          [-4.4003e-02,  4.4648e-02,  2.7776e-02]],

         [[ 3.6106e-02, -3.2254e-03, -4.1483e-02],
          [ 4.2055e-02, -5.3287e-02,  2.6486e-02],
          [ 1.5312e-03,  1.8394e-02, -2.1928e-02]],

         [[-2.2594e-02, -3.3801e-02, -1.8243e-02],
          [ 1.0795e-02,  1.8547e-02,  3.7984e-02],
          [-3.4855e-02,  1.7103e-02, -3.1832e-03]]],


        [[[-4.3462e-02,  7.5473e-03, -7.1020e-03],
          [-3.3096e-02, -4.8053e-02, -3.5712e-02],
          [ 4.8614e-02, -3.0924e-02, -2.0345e-02]],

         [[-1.4681e-02, -5.3737e-02,  5.7264e-02],
          [ 4.1461e-02, -3.3709e-02, -4.3818e-03],
          [ 3.8977e-03, -3.9709e-02,  5.8894e-02]],

         [[ 3.7490e-02,  1.5301e-02, -4.7691e-02],
          [-4.5578e-02, -3.0299e-04,  4.4088e-02],
          [-2.5610e-02,  2.8718e-02, -1.2725e-02]],

         [[-4.5724e-02, -2.4956e-03,  5.8513e-04],
          [-1.9451e-02,  1.3470e-02,  3.9994e-02],
          [ 1.9603e-02,  1.2002e-02, -1.0540e-02]],

         [[ 5.4123e-02,  4.7575e-02,  8.9804e-04],
          [ 4.3323e-02,  2.8863e-02,  3.4441e-02],
          [-4.6393e-02,  1.9222e-02,  8.3051e-03]],

         [[ 1.7899e-02,  4.4256e-03,  2.5559e-02],
          [-2.0842e-02, -3.5871e-02, -3.0382e-02],
          [-3.2468e-02, -5.6821e-02,  3.7171e-02]],

         [[ 2.1328e-02, -1.3570e-02, -9.2981e-03],
          [ 2.1729e-02,  4.7299e-03,  2.4359e-03],
          [-5.6588e-02,  1.3677e-02, -5.4411e-02]],

         [[-3.3253e-02,  5.3787e-02, -2.2402e-02],
          [-3.5826e-02,  4.6513e-02,  8.0030e-03],
          [-2.3736e-02,  1.9467e-02, -5.7890e-02]],

         [[ 1.5156e-02, -4.2605e-02, -4.8050e-02],
          [-2.9036e-02,  4.3679e-02,  1.2059e-02],
          [-1.4215e-02, -4.4852e-02, -1.1284e-02]],

         [[ 3.9548e-02,  4.0008e-02,  4.5607e-02],
          [ 3.6051e-02, -2.6969e-02,  4.2037e-02],
          [ 5.3997e-03,  3.7921e-02,  3.3564e-02]],

         [[ 1.5227e-02,  4.7936e-02,  2.9534e-02],
          [-2.2433e-02,  1.7212e-02,  2.4999e-02],
          [ 2.0535e-02,  5.8109e-02,  3.5893e-02]],

         [[-3.0449e-02,  2.3903e-02, -4.2603e-02],
          [-7.3534e-03,  5.6135e-03,  3.4117e-03],
          [-3.6801e-02, -5.7403e-02,  1.9465e-02]],

         [[ 1.9954e-02,  5.6410e-02, -3.0252e-02],
          [-4.5507e-02, -3.4191e-02, -4.9867e-03],
          [ 9.8323e-03, -5.3140e-02,  4.7124e-02]],

         [[ 2.1873e-02,  4.9313e-02,  2.3732e-02],
          [ 4.6240e-02, -9.6353e-03,  4.8362e-03],
          [ 1.9446e-02, -1.4659e-03,  3.1908e-02]],

         [[ 3.7327e-02,  7.3927e-03,  9.5224e-03],
          [ 1.0104e-02, -5.5064e-02,  4.2275e-02],
          [-2.6837e-02,  7.0673e-03, -1.9516e-02]],

         [[-4.6491e-02, -5.8239e-02,  3.5150e-02],
          [ 5.2783e-02, -4.8139e-02, -1.3275e-02],
          [-1.1965e-02, -5.4225e-02, -5.4607e-02]],

         [[ 9.2566e-03,  1.7099e-02,  2.9859e-02],
          [ 4.4886e-02, -3.4562e-03, -5.6394e-03],
          [ 2.9096e-02, -1.1073e-02, -2.2077e-02]],

         [[-1.7883e-02,  3.0242e-02,  3.3733e-04],
          [-4.5843e-03,  4.6272e-02,  3.5067e-02],
          [ 2.8118e-02,  2.9749e-03, -3.6077e-02]],

         [[ 3.9672e-02, -3.3472e-02,  4.4796e-02],
          [ 2.8629e-03,  4.0316e-02, -3.1764e-02],
          [ 1.3721e-03,  9.1851e-03, -3.6847e-02]],

         [[-2.6687e-02,  3.2899e-02,  4.3571e-02],
          [ 2.7226e-02, -4.4573e-02,  5.8303e-02],
          [ 1.4434e-02, -1.7598e-02, -1.4070e-02]],

         [[-5.0248e-02, -2.2310e-02,  5.2256e-02],
          [ 9.2271e-03,  1.2217e-02, -3.6595e-04],
          [ 1.1767e-02,  4.9497e-02,  2.8346e-02]],

         [[-2.1393e-02,  2.0516e-02, -4.6311e-02],
          [-4.3981e-02,  3.1623e-02, -4.8965e-02],
          [ 3.2454e-02,  4.7075e-02,  2.2371e-02]],

         [[-9.5665e-05,  3.6995e-02, -2.3175e-03],
          [ 5.1632e-02,  4.1093e-02,  4.5548e-02],
          [-5.8670e-02,  3.0358e-02,  1.7823e-02]],

         [[ 1.8808e-02,  1.7017e-02, -5.0296e-02],
          [-2.7251e-02, -1.3668e-02, -7.9000e-03],
          [ 2.6957e-02,  3.4390e-02, -5.8761e-03]],

         [[-3.4457e-02,  1.9855e-02, -9.4396e-03],
          [-5.0990e-02, -3.3142e-02,  6.2813e-03],
          [-4.2918e-03, -1.9293e-02,  2.9790e-02]],

         [[-4.4416e-02,  3.0278e-02, -2.9035e-02],
          [-2.3325e-02,  9.7327e-03,  4.5298e-02],
          [ 4.6994e-02, -2.0963e-02, -4.1759e-02]],

         [[-2.6844e-02, -1.8115e-02, -2.6700e-02],
          [-3.0433e-02,  5.1159e-02,  5.4060e-02],
          [-4.6110e-02, -4.1899e-02, -1.5811e-02]],

         [[ 4.5249e-02,  4.6074e-02, -5.3418e-02],
          [ 4.8595e-02,  4.0988e-02,  4.5738e-02],
          [-3.8331e-03, -3.7826e-02, -2.0246e-02]],

         [[ 2.5284e-02,  3.2662e-02,  3.6226e-02],
          [-2.5077e-02,  5.4760e-03,  3.0988e-02],
          [ 5.4402e-02, -5.4094e-02, -4.9499e-02]],

         [[ 5.6957e-02, -2.3987e-02,  5.3249e-03],
          [ 3.0543e-02,  4.7984e-02, -2.0228e-02],
          [-4.2541e-02,  1.4649e-02, -2.6899e-02]],

         [[ 5.7028e-02,  4.1110e-02, -5.2202e-02],
          [-1.1201e-02, -3.1348e-02,  4.4283e-02],
          [-4.9472e-02, -1.6368e-02,  5.6092e-02]],

         [[-6.9725e-04, -4.1230e-02,  3.7177e-03],
          [ 2.0120e-02, -8.3753e-03, -4.9129e-02],
          [-5.4683e-02,  3.9703e-02, -1.0757e-02]]]], device='cuda:0')

----------------------feature_head.bias----------------------
tensor([-0.0425,  0.0074,  0.0230], device='cuda:0')

----------------------colour_head.0.weight----------------------
tensor([[[[ 5.1990e-02,  5.2027e-02, -5.2621e-02],
          [ 7.2796e-03,  1.1641e-03,  5.1065e-02],
          [ 6.0724e-03,  5.0312e-02, -4.6903e-02]],

         [[-2.3208e-02,  1.1991e-02, -5.6079e-02],
          [ 5.5451e-02,  1.4763e-02,  2.1945e-02],
          [-3.9839e-02,  3.7942e-02, -3.1503e-02]],

         [[-1.3372e-02, -2.7935e-02, -5.3287e-02],
          [ 3.8884e-02, -2.6139e-02,  2.5036e-02],
          [-5.3353e-02, -4.8400e-02, -4.0950e-02]],

         [[-5.0326e-02, -3.2065e-04,  1.9343e-02],
          [-3.6134e-02, -2.8388e-02,  5.0877e-02],
          [ 5.1990e-02, -2.1483e-02, -5.3961e-02]],

         [[ 2.6692e-02,  3.3273e-02, -2.3759e-03],
          [-3.8780e-02, -4.3796e-02,  5.2358e-03],
          [ 4.1123e-03, -1.1062e-02,  2.8238e-02]],

         [[ 5.4153e-02,  4.7374e-02, -4.2132e-02],
          [ 3.6991e-02, -3.0749e-02,  5.3808e-02],
          [-5.0303e-02, -1.9862e-03,  3.7269e-02]],

         [[-1.3405e-02,  6.6808e-03, -4.1195e-02],
          [-2.4997e-02, -2.8632e-02,  4.3955e-02],
          [ 4.3053e-02,  1.6608e-03, -5.8599e-02]],

         [[-5.1682e-03,  4.3512e-02, -2.0968e-02],
          [-5.1908e-02,  1.4804e-02,  5.0683e-02],
          [ 2.7769e-02,  5.5165e-02, -2.8700e-02]],

         [[ 3.0912e-02, -8.5362e-03, -6.3235e-03],
          [ 5.6528e-02,  1.6403e-02, -2.9984e-02],
          [ 3.2426e-02, -3.2943e-02, -1.9215e-03]],

         [[-5.6253e-02, -1.7544e-02, -1.1573e-02],
          [-5.0824e-03,  2.0462e-02,  1.9657e-02],
          [ 1.0836e-02,  3.3287e-02, -3.4737e-02]],

         [[ 1.7020e-02,  3.8845e-02, -1.2070e-02],
          [-1.1197e-02,  1.9456e-02, -5.8453e-02],
          [ 5.6721e-02,  3.7254e-02, -4.2922e-02]],

         [[-2.3499e-02, -4.3733e-02, -3.0651e-02],
          [ 1.2862e-02, -4.5104e-03,  3.9643e-02],
          [ 3.4825e-02,  4.9115e-02, -8.3872e-03]],

         [[-4.5489e-02, -2.2974e-02,  4.8416e-02],
          [-5.3275e-02,  4.9769e-02,  3.9352e-02],
          [-2.4763e-02, -4.5260e-03, -3.1109e-02]],

         [[ 4.6068e-02, -6.8582e-03,  1.0210e-02],
          [-1.3117e-02,  4.4531e-02, -1.7750e-03],
          [ 4.2526e-02,  1.7097e-02,  3.2573e-04]],

         [[ 3.5985e-02,  3.8577e-03,  3.7802e-03],
          [-2.2852e-02, -3.4647e-02, -2.6061e-02],
          [-5.5428e-02,  4.5489e-02,  4.0323e-02]],

         [[-2.5976e-02,  4.2370e-02, -5.2832e-02],
          [-5.3247e-02,  4.9497e-02,  4.5303e-03],
          [ 1.1702e-03, -1.1861e-02,  5.4833e-02]],

         [[ 1.2507e-02, -4.7110e-03,  5.4629e-02],
          [ 1.2282e-03, -5.6367e-02,  2.5716e-02],
          [ 2.5778e-02, -3.4901e-02,  1.0219e-02]],

         [[ 1.6851e-03, -8.9753e-03, -8.8471e-03],
          [ 3.3924e-02,  9.6817e-03, -5.4393e-02],
          [ 5.7758e-02,  2.4800e-02, -5.0511e-02]],

         [[ 4.5918e-02, -4.1825e-02, -1.3166e-02],
          [-1.8929e-02, -1.9887e-02,  9.4204e-03],
          [ 1.0257e-02,  1.8892e-02,  8.1126e-03]],

         [[-4.8579e-02,  8.0943e-03, -2.6047e-03],
          [-1.4522e-02, -5.0880e-02, -5.4402e-02],
          [ 4.0720e-02, -3.0314e-02,  3.2480e-02]],

         [[ 4.0176e-02,  2.0720e-02, -2.0479e-02],
          [-2.8611e-02,  4.9196e-02,  4.6144e-02],
          [ 3.4683e-02,  5.0974e-02, -4.6949e-02]],

         [[ 5.6133e-03, -5.0205e-02,  1.4924e-02],
          [ 1.9684e-03, -5.4750e-02, -1.4518e-02],
          [-3.7493e-03, -7.8935e-03,  3.4852e-02]],

         [[-4.8017e-02, -3.8147e-02, -1.3982e-02],
          [ 3.6883e-02, -4.8928e-02,  3.6603e-02],
          [ 2.3012e-02,  3.8460e-02, -2.7697e-02]],

         [[-3.9662e-02,  1.8389e-02,  1.5738e-02],
          [ 4.7550e-02,  5.7080e-03,  2.7592e-02],
          [-1.6393e-02, -1.1183e-02, -3.5425e-02]],

         [[ 3.1102e-02,  2.2770e-02, -4.2098e-02],
          [ 1.7771e-02,  3.7341e-02,  3.0965e-02],
          [ 2.8895e-02, -5.5682e-02,  1.9558e-02]],

         [[ 3.4691e-02, -2.1525e-02, -1.4810e-02],
          [-1.6750e-02,  3.9458e-02, -2.8760e-02],
          [ 7.6647e-03,  5.6989e-02,  4.8979e-02]],

         [[ 2.4305e-02,  4.3602e-02, -4.4890e-02],
          [ 4.9510e-03, -3.8953e-02, -2.4428e-02],
          [ 4.7995e-02,  4.6307e-02,  4.0179e-02]],

         [[-2.8871e-02, -1.1875e-02,  5.4819e-02],
          [ 2.4653e-02, -2.7199e-02,  4.4176e-02],
          [-2.1911e-02,  5.3770e-02, -3.0909e-02]],

         [[ 5.2130e-03, -2.4191e-02, -3.6436e-02],
          [-1.3694e-02,  1.6098e-02, -1.9177e-02],
          [ 4.3346e-02, -2.2632e-02, -2.2270e-02]],

         [[-3.8385e-02, -2.6920e-02,  4.1207e-02],
          [ 5.6362e-02, -4.5563e-02,  2.1187e-02],
          [ 3.4182e-02, -3.0340e-02, -5.2637e-02]],

         [[ 1.4868e-02, -5.3764e-02,  1.2578e-02],
          [ 5.0835e-02,  3.2762e-03,  4.0290e-02],
          [ 3.8763e-02,  3.2903e-02, -1.9573e-02]],

         [[-2.4107e-02, -5.3750e-02, -3.4537e-02],
          [ 3.1722e-02,  2.5779e-02, -3.3496e-02],
          [ 8.5020e-03, -8.7120e-03,  2.9698e-02]]],


        [[[-3.2150e-02, -2.3728e-03,  1.4005e-02],
          [ 7.4528e-03, -1.5850e-02,  3.3987e-02],
          [-3.9526e-02, -1.3005e-02, -5.1342e-02]],

         [[ 2.6453e-02, -2.9111e-02,  2.9498e-02],
          [-7.3661e-03, -2.3610e-02,  4.5005e-02],
          [-4.1415e-02,  3.3094e-02,  5.0482e-02]],

         [[-5.4910e-02,  2.3807e-02, -5.1728e-02],
          [ 3.1422e-02, -3.7204e-02, -1.7378e-02],
          [-2.9155e-02,  2.7139e-02, -4.5385e-03]],

         [[-4.7259e-02, -4.4014e-02, -5.1000e-03],
          [-3.6501e-02,  6.6462e-03,  4.2083e-02],
          [ 2.8886e-02,  1.1941e-02,  5.7156e-02]],

         [[ 1.7916e-02, -9.0529e-03, -4.4092e-02],
          [ 9.4559e-03, -4.3630e-02, -4.4778e-03],
          [-4.6705e-02, -2.8673e-02, -2.4418e-02]],

         [[ 5.9244e-03,  1.0870e-02, -4.0565e-03],
          [-2.9222e-02, -5.5203e-02,  1.8144e-02],
          [ 5.5040e-02,  3.9663e-02, -3.9564e-02]],

         [[-5.0807e-02, -5.1029e-02, -4.1232e-02],
          [-3.8776e-02,  5.4453e-02, -1.5983e-02],
          [ 3.0387e-02,  2.4279e-02,  2.1922e-02]],

         [[-5.7549e-02,  5.7397e-02,  3.6416e-02],
          [-5.4921e-02, -3.8733e-02,  2.4536e-02],
          [-1.2133e-02, -4.1446e-02,  1.0840e-02]],

         [[-5.5361e-02,  4.7424e-02,  4.9015e-02],
          [ 3.0841e-02,  2.7406e-02, -3.6616e-02],
          [-5.9592e-03,  2.9217e-02,  1.4418e-02]],

         [[ 4.8439e-02,  1.3294e-02, -4.6925e-02],
          [-3.7496e-02,  4.1801e-02,  3.6526e-02],
          [ 1.4767e-02,  8.5618e-03,  3.4463e-02]],

         [[-5.7639e-02, -5.6745e-02, -2.9140e-02],
          [-2.8135e-02, -6.7668e-03,  2.5519e-02],
          [-1.5841e-02,  1.1832e-03, -4.5321e-02]],

         [[-2.4485e-02,  4.6138e-02,  4.6901e-02],
          [-1.4878e-02,  2.3106e-02,  4.8707e-02],
          [ 4.3485e-02, -1.2155e-03, -3.8042e-02]],

         [[-1.7576e-02,  3.1784e-02, -2.6931e-02],
          [ 3.0115e-02, -4.2463e-02,  2.5761e-02],
          [ 3.6895e-02, -1.0403e-02,  5.8398e-02]],

         [[ 3.5873e-02,  1.2854e-03, -1.2890e-02],
          [ 4.4351e-03, -3.2963e-02, -8.5764e-03],
          [-5.4450e-02,  1.9809e-02,  6.9114e-03]],

         [[-4.5994e-02, -1.3289e-02,  2.0656e-02],
          [-3.7260e-02,  2.3786e-02, -4.2700e-02],
          [ 3.1374e-03, -7.8732e-03, -4.3399e-02]],

         [[-9.4330e-03, -2.8019e-02, -1.0622e-02],
          [ 6.7104e-03, -9.3221e-03, -6.6960e-03],
          [ 4.7112e-02,  4.5480e-02, -3.0444e-02]],

         [[ 7.7867e-03,  2.2133e-02,  3.9503e-03],
          [ 4.6210e-03, -2.2628e-02,  1.0765e-02],
          [-3.4191e-02, -1.2549e-02, -2.5847e-02]],

         [[ 2.0163e-02,  2.0563e-02, -5.0493e-02],
          [-4.6469e-02,  1.1079e-03,  1.7712e-02],
          [-5.6447e-02,  4.5986e-03, -3.5230e-02]],

         [[-5.0847e-02,  5.1685e-02, -3.7790e-02],
          [-2.8104e-02,  5.6954e-02, -3.5252e-02],
          [-2.4030e-02, -3.5606e-02, -3.0927e-02]],

         [[ 6.9223e-03,  3.0727e-02,  1.9235e-02],
          [-1.7011e-02,  1.5598e-02, -4.3331e-02],
          [ 4.4341e-02, -4.2115e-02,  2.7057e-02]],

         [[-4.5454e-02, -2.5041e-02, -5.3612e-02],
          [ 8.7668e-03,  2.9296e-02, -4.0838e-02],
          [ 2.1646e-02, -1.3757e-02,  1.2173e-02]],

         [[-4.0267e-02, -4.3672e-02, -8.5727e-03],
          [ 2.3510e-02, -5.7433e-02, -3.8587e-02],
          [-4.4706e-02, -1.0070e-02, -4.2296e-02]],

         [[-3.1744e-02, -2.7076e-02, -3.9987e-02],
          [-3.4601e-02, -2.5740e-02, -1.5902e-02],
          [ 4.7615e-02, -2.4485e-03,  5.0050e-02]],

         [[ 5.4131e-03,  2.7577e-02,  2.1004e-02],
          [-3.4292e-03,  5.5518e-02, -3.4049e-02],
          [-1.6097e-02,  1.0496e-02,  4.6709e-03]],

         [[-2.2366e-02,  3.2878e-02, -5.3630e-02],
          [ 5.3938e-02,  1.4987e-02, -8.6152e-03],
          [ 5.3066e-02, -2.2169e-02, -5.7786e-02]],

         [[-4.2054e-02,  4.7735e-02, -3.1442e-02],
          [ 1.6895e-02, -1.7014e-02,  3.7813e-02],
          [-2.4679e-02,  5.0355e-02,  5.2230e-02]],

         [[ 3.5240e-03, -4.4858e-02,  8.6213e-03],
          [-2.7894e-02, -4.3562e-02, -1.4470e-02],
          [-9.4563e-03,  1.0758e-02, -7.5089e-03]],

         [[ 1.0297e-02, -8.5241e-03, -5.8524e-02],
          [ 2.5249e-03,  1.5749e-02,  4.5972e-02],
          [-5.2034e-02, -2.5751e-02, -3.6348e-02]],

         [[-1.5877e-02, -2.7405e-02,  5.3152e-02],
          [-4.3192e-02, -4.0717e-02, -6.0271e-03],
          [ 1.3950e-02,  5.3605e-02,  1.2571e-02]],

         [[ 5.1018e-02,  1.5136e-02, -5.4223e-02],
          [ 1.5665e-02,  9.5132e-03, -1.3581e-02],
          [ 1.8968e-02, -3.4347e-02,  5.3287e-02]],

         [[-3.9964e-02,  5.7936e-02,  4.3013e-02],
          [ 4.1890e-02, -1.6050e-02, -5.2143e-02],
          [ 4.0780e-02, -4.7883e-02, -4.7075e-02]],

         [[-3.6246e-03, -4.4824e-02,  1.1339e-02],
          [ 4.6859e-02, -1.2351e-02, -1.6824e-02],
          [-3.1075e-02,  1.9789e-02,  9.6289e-03]]],


        [[[ 4.5186e-02, -5.7605e-02,  1.6959e-02],
          [-3.8127e-02,  3.2811e-02, -1.5911e-02],
          [ 5.2265e-02, -1.9606e-02, -5.7698e-02]],

         [[-7.1225e-03,  5.5118e-02, -3.2350e-02],
          [ 9.1527e-03, -2.0590e-02, -2.4915e-02],
          [ 2.4290e-02, -1.9753e-02, -4.0868e-02]],

         [[ 5.4077e-02, -4.6514e-02, -9.7134e-03],
          [ 5.7385e-02, -6.5353e-03,  2.1535e-02],
          [ 4.6673e-02, -1.1104e-03, -1.0583e-02]],

         [[-1.0870e-02,  2.2305e-02, -7.8268e-03],
          [ 5.4136e-02,  7.2616e-04, -4.7292e-02],
          [ 4.7774e-02,  1.3756e-02,  1.7938e-02]],

         [[ 9.9734e-04,  4.0939e-02, -4.2263e-02],
          [-1.3722e-02, -5.5407e-02, -8.5180e-03],
          [-5.8780e-02,  5.0855e-02, -4.8637e-02]],

         [[-3.1797e-03, -3.2596e-02,  2.1781e-02],
          [ 2.8558e-03,  3.9599e-03,  3.6920e-02],
          [ 4.8459e-02,  5.5198e-02, -2.2471e-02]],

         [[-2.6663e-02,  4.8791e-02,  2.6102e-02],
          [ 6.7999e-03, -2.9972e-02, -4.5250e-02],
          [ 3.4463e-02,  1.0468e-02,  5.3107e-02]],

         [[ 2.2482e-03,  4.5044e-02,  6.0994e-03],
          [ 3.1044e-03,  1.3140e-02,  4.5916e-02],
          [ 3.6300e-02,  5.3043e-02,  9.3757e-03]],

         [[ 2.9933e-02,  1.1823e-02,  4.1373e-02],
          [ 2.3201e-02, -7.1349e-03,  1.1417e-02],
          [-3.9867e-03, -2.2148e-02, -2.6380e-02]],

         [[-1.2471e-03,  4.5029e-02,  5.0520e-02],
          [ 3.8036e-02,  2.9141e-02, -2.8186e-02],
          [ 7.8019e-03,  5.3018e-02,  3.3425e-02]],

         [[-4.2937e-02, -4.0579e-02,  5.6240e-02],
          [ 3.3914e-03, -5.1472e-02,  1.3888e-02],
          [ 1.8355e-02, -7.3117e-03,  3.2552e-02]],

         [[-4.6963e-02,  8.4584e-03, -1.6463e-02],
          [-2.9909e-03,  3.5579e-04,  5.6261e-02],
          [-1.7472e-02, -5.7235e-02, -3.6810e-02]],

         [[-2.2738e-02,  4.8393e-02,  1.7485e-02],
          [-3.7481e-02,  7.8397e-03,  2.8510e-02],
          [-6.6473e-03,  1.6161e-03, -3.7564e-02]],

         [[ 7.6335e-03, -5.0324e-02, -2.0172e-02],
          [ 1.1780e-02,  1.7570e-02, -4.5981e-02],
          [-6.1452e-03,  3.4871e-02,  5.6088e-02]],

         [[-7.3285e-03,  2.4312e-02,  3.5499e-03],
          [-3.7652e-02,  6.0007e-03, -3.7418e-02],
          [-2.6751e-03, -4.6247e-02, -3.1453e-02]],

         [[-1.6590e-02, -5.2295e-03, -4.6627e-02],
          [-2.0039e-02, -5.8228e-02, -4.5219e-02],
          [-5.4659e-02, -3.8831e-02, -3.4272e-03]],

         [[ 3.8693e-02,  2.6994e-03, -5.5576e-02],
          [ 4.8996e-02, -3.9514e-02, -2.5122e-02],
          [ 1.4695e-02, -1.8772e-02,  6.2778e-03]],

         [[-1.5950e-02, -2.2951e-03, -5.5564e-02],
          [ 1.4371e-03,  6.6104e-03,  3.6007e-02],
          [ 7.9308e-05,  3.5164e-02,  1.4962e-03]],

         [[ 2.8960e-02, -2.1731e-02,  6.8938e-03],
          [ 8.2382e-04, -4.4582e-02,  5.8478e-02],
          [ 4.0237e-02,  2.8851e-02, -4.8647e-02]],

         [[ 5.5259e-02,  5.5719e-02, -2.7044e-03],
          [-6.2681e-03,  4.9357e-02, -4.8652e-02],
          [ 5.6127e-02, -1.4941e-02, -2.6731e-02]],

         [[ 2.8394e-03,  1.7326e-02,  5.9289e-03],
          [ 3.7928e-02, -4.7308e-02, -4.1000e-03],
          [-4.0928e-03, -4.0606e-02, -4.5093e-02]],

         [[-2.1459e-02, -2.0352e-02,  4.5512e-03],
          [-2.5397e-02,  5.4078e-02,  2.1396e-02],
          [-2.8815e-02, -7.7617e-03, -5.0699e-02]],

         [[ 2.7042e-02, -2.9520e-02,  4.5698e-02],
          [ 3.1916e-02, -2.0912e-02,  6.9269e-03],
          [-9.3534e-03, -4.9198e-02, -4.0794e-02]],

         [[-3.1429e-02,  5.6149e-02, -4.1316e-02],
          [ 2.6453e-02, -2.3593e-02,  2.0359e-02],
          [ 4.1994e-02,  4.0095e-02, -5.0107e-02]],

         [[ 2.6211e-03,  1.5520e-02,  7.0793e-03],
          [ 2.5302e-03,  5.7696e-02, -4.6290e-02],
          [ 1.2095e-02,  1.2124e-02,  4.8888e-02]],

         [[ 3.0097e-02, -2.1669e-02, -4.2790e-03],
          [-4.3964e-02,  4.7493e-03,  6.2431e-03],
          [ 5.0935e-02,  5.2388e-02, -4.1490e-02]],

         [[ 5.6360e-02, -5.1582e-02,  1.5663e-02],
          [ 2.9214e-02,  3.1819e-02,  4.5152e-02],
          [-1.6009e-02,  5.0180e-02,  6.2402e-03]],

         [[ 1.1244e-03, -2.0065e-02, -5.1347e-02],
          [-1.6298e-02, -1.9583e-03,  6.6201e-03],
          [-8.9841e-03, -3.0497e-03,  2.7891e-03]],

         [[-3.2690e-02, -3.8882e-03, -5.0199e-02],
          [ 2.8296e-03,  5.1761e-02, -2.8004e-02],
          [ 3.5719e-02, -1.9178e-02, -2.5541e-02]],

         [[ 2.8009e-02, -5.7665e-02,  3.7342e-02],
          [ 3.8868e-02,  2.0385e-02, -1.9745e-03],
          [-2.7760e-02, -3.7582e-02,  5.3254e-02]],

         [[ 2.7816e-02,  3.1226e-02, -3.6833e-02],
          [ 3.5258e-02, -3.6241e-02,  4.4515e-02],
          [ 4.5430e-02, -5.3787e-02, -5.5038e-02]],

         [[-5.1903e-02, -2.7518e-02,  1.6553e-02],
          [-5.2497e-02,  4.9589e-02, -3.7811e-02],
          [-1.8801e-02,  1.3761e-02, -3.3305e-02]]]], device='cuda:0')

----------------------colour_head.0.bias----------------------
tensor([-0.0026, -0.0512, -0.0527], device='cuda:0')

----------------------blending_mask_head.0.weight----------------------
tensor([[[[ 3.8243e-03, -2.3822e-02,  4.2128e-02],
          [-3.3639e-02,  3.3004e-02,  4.3360e-02],
          [-1.5712e-02, -1.1060e-02,  1.8392e-02]],

         [[-3.1953e-02,  1.6501e-02, -1.7224e-02],
          [-1.4685e-02, -4.6748e-02,  4.7351e-02],
          [-5.0999e-02, -1.0687e-02,  2.3954e-02]],

         [[-4.1017e-02,  4.7455e-03,  5.6741e-02],
          [ 1.7125e-02,  4.0757e-02, -4.4494e-02],
          [ 3.0756e-02,  2.7960e-03,  6.7909e-03]],

         [[-2.1607e-02, -1.2944e-02,  3.5985e-02],
          [ 3.6019e-02, -4.6230e-02,  5.0355e-02],
          [ 5.5723e-02, -2.0723e-02,  7.6134e-03]],

         [[ 3.2125e-02, -5.7558e-02,  2.1691e-02],
          [ 5.1730e-02, -1.6690e-02, -4.8346e-02],
          [-3.6468e-02,  3.7555e-02, -3.7992e-03]],

         [[-3.2103e-03,  9.3500e-03,  2.0087e-02],
          [ 3.4497e-02,  2.6690e-03, -5.7348e-02],
          [ 3.8512e-02,  3.7047e-02,  4.0607e-03]],

         [[-3.2959e-02, -1.3062e-02,  2.5942e-02],
          [ 4.3724e-02, -5.2641e-02,  9.8341e-03],
          [ 5.3096e-03,  1.3792e-02, -1.4492e-02]],

         [[-5.1509e-03, -5.7120e-02, -4.5715e-03],
          [-4.9492e-02,  5.0392e-02,  2.3317e-02],
          [ 2.1652e-02, -3.0578e-02, -2.4750e-02]],

         [[ 6.6404e-03, -1.0344e-02, -9.5308e-04],
          [ 5.7166e-03,  3.5605e-04, -5.0685e-02],
          [ 5.6274e-02, -2.4757e-02,  8.0630e-03]],

         [[-3.8232e-02,  5.1918e-02, -2.7394e-02],
          [ 3.2390e-02,  2.2474e-02, -1.0178e-02],
          [ 1.3345e-02, -4.3490e-02, -5.3049e-02]],

         [[ 3.1935e-02,  3.6939e-02, -4.8641e-02],
          [-1.9747e-02, -5.4280e-02, -4.8739e-02],
          [ 9.4719e-03, -1.4152e-02,  5.6359e-02]],

         [[ 4.3975e-02, -3.4836e-02,  4.7956e-02],
          [ 3.4365e-02,  5.2329e-02, -1.6092e-02],
          [-2.5145e-03, -3.1879e-02, -2.7069e-02]],

         [[ 5.3714e-02,  4.5019e-02, -5.8811e-02],
          [ 3.0664e-02, -2.1306e-02, -4.6372e-02],
          [ 2.6935e-02,  9.6960e-03, -1.6660e-02]],

         [[ 5.8721e-02, -3.6517e-02,  3.5050e-02],
          [ 3.6885e-02, -2.9280e-02,  3.2748e-02],
          [-2.9344e-02, -2.7205e-02,  4.0258e-02]],

         [[ 4.9470e-02, -3.9690e-02,  5.6922e-02],
          [-5.6402e-02,  2.4438e-02, -5.1858e-02],
          [-1.1488e-02, -4.9481e-02,  4.7728e-02]],

         [[-3.4637e-02, -5.2112e-02, -2.5718e-02],
          [ 3.7507e-02,  2.2570e-02,  2.4030e-02],
          [ 4.3595e-02, -1.4357e-02,  3.2243e-02]],

         [[-5.3732e-02, -4.7024e-02,  3.2458e-02],
          [-4.2276e-02,  1.6599e-02,  1.8116e-02],
          [ 3.4208e-02,  4.3478e-02,  1.4858e-02]],

         [[-4.6730e-03, -5.1309e-02, -2.9988e-02],
          [-1.5009e-02,  2.4722e-02, -3.6166e-02],
          [-1.5680e-02, -1.2948e-03, -7.7945e-04]],

         [[-4.1574e-02,  3.4282e-02,  7.3302e-03],
          [ 5.0026e-02, -4.4623e-02,  3.8444e-04],
          [ 1.7083e-02,  2.7825e-02, -4.6006e-02]],

         [[-2.7248e-02, -2.6490e-04, -3.7192e-02],
          [-4.6929e-02,  7.5188e-03,  3.4164e-02],
          [-5.7062e-02, -1.8654e-02, -5.8325e-02]],

         [[ 1.0489e-02,  2.0073e-02, -5.3676e-02],
          [ 1.5515e-02, -1.9750e-02, -1.1025e-02],
          [-4.4056e-02, -6.8008e-03,  2.7534e-02]],

         [[-3.2256e-02, -2.0441e-02, -3.4900e-02],
          [-2.7112e-02,  4.9225e-02,  4.0200e-02],
          [-2.6626e-02,  5.8251e-02,  2.2109e-02]],

         [[ 1.9063e-02, -4.5086e-02, -1.4642e-02],
          [ 5.2047e-02,  3.8925e-02,  3.0392e-02],
          [-2.8381e-02, -1.4622e-02,  2.4339e-02]],

         [[ 1.9925e-02, -1.8051e-02, -2.9947e-02],
          [-4.7556e-02, -4.6942e-02, -2.4364e-02],
          [ 3.1081e-02, -2.8656e-02,  1.9180e-02]],

         [[-4.1334e-02, -1.8556e-03, -3.5184e-02],
          [-2.7217e-02,  3.5470e-02,  1.5600e-02],
          [ 5.1993e-02,  1.5030e-02,  1.4775e-03]],

         [[ 4.7799e-02, -4.1305e-02,  3.4046e-02],
          [-1.5902e-04, -1.7156e-03, -3.6545e-02],
          [-2.6645e-04, -3.7892e-02,  3.3961e-02]],

         [[-3.9134e-02, -6.0324e-03,  5.5844e-02],
          [-4.9825e-03, -4.7262e-02,  1.4819e-02],
          [ 1.5168e-02, -2.9269e-02, -5.0283e-02]],

         [[-5.8858e-02, -3.1825e-02,  1.5390e-03],
          [-5.2834e-02, -4.9356e-02,  1.8131e-02],
          [-4.7566e-02,  3.6859e-04,  1.6105e-02]],

         [[ 5.2304e-02, -9.8743e-05,  1.4547e-02],
          [ 4.5515e-02,  1.5156e-02,  5.2477e-02],
          [-8.8480e-03,  5.8018e-02, -3.6679e-02]],

         [[ 4.0794e-02,  8.9812e-03, -2.4498e-03],
          [ 5.6351e-02,  2.8435e-02,  9.0100e-03],
          [-1.3810e-02,  5.0317e-02,  3.6148e-03]],

         [[ 1.3639e-02, -3.9067e-03, -2.2013e-02],
          [-3.1424e-02,  3.2275e-02,  1.0600e-02],
          [ 9.5203e-03,  2.8448e-03, -2.1418e-02]],

         [[-2.4275e-03, -2.9674e-02,  5.9736e-03],
          [ 2.7001e-02, -5.6317e-02,  5.0635e-02],
          [-1.7429e-02,  4.7011e-02,  4.8313e-02]]]], device='cuda:0')

----------------------blending_mask_head.0.bias----------------------
tensor([0.0247], device='cuda:0')

----------------------input_conv.weight----------------------
tensor([[[[ 7.3568e-02,  7.9868e-02, -2.2543e-02],
          [ 8.8393e-02, -2.1083e-02,  1.9417e-02],
          [-4.6848e-02,  5.6511e-02,  8.4827e-02]],

         [[-7.0593e-02,  8.3638e-02,  1.8009e-02],
          [ 7.1092e-02,  1.3031e-02,  4.6398e-02],
          [-1.3586e-02,  7.4179e-02,  1.4222e-02]],

         [[-4.4922e-02,  2.4527e-02, -4.4334e-02],
          [-1.1285e-02, -3.9083e-02,  6.3833e-02],
          [-7.5957e-02, -4.4361e-02, -2.7172e-02]],

         ...,

         [[-6.5598e-02,  5.1054e-02, -3.8895e-02],
          [ 5.8400e-02, -2.2835e-02,  5.5044e-02],
          [-7.4764e-02, -4.8560e-02,  2.9335e-02]],

         [[ 2.0343e-02, -2.4533e-02,  5.7357e-02],
          [ 6.5415e-02, -6.9780e-02, -5.1371e-02],
          [ 8.8110e-02, -3.2469e-02, -3.4113e-02]],

         [[-9.3107e-02, -5.5105e-02,  2.4037e-02],
          [-1.2701e-02, -6.9848e-02,  2.2572e-03],
          [-6.5730e-02, -8.1637e-02, -5.2988e-02]]],


        [[[-8.4217e-02, -6.1270e-02,  9.6187e-02],
          [ 1.8174e-02,  2.9653e-02, -8.9748e-02],
          [-6.3198e-02, -3.2029e-02,  1.5047e-02]],

         [[-8.4670e-02, -4.1461e-02, -5.7607e-02],
          [ 2.6668e-04, -3.5806e-02, -6.6680e-03],
          [-6.5205e-02, -6.6048e-02, -5.6138e-02]],

         [[-3.2938e-02, -7.5949e-02,  8.0682e-02],
          [-1.9097e-02,  8.2792e-02,  2.9982e-02],
          [-8.1483e-02,  6.6591e-02, -2.6476e-02]],

         ...,

         [[ 1.0294e-02, -1.6999e-02, -2.8675e-02],
          [ 6.1508e-02,  8.2696e-02, -9.5260e-03],
          [-2.1544e-02,  1.4042e-03, -5.7454e-03]],

         [[ 2.3134e-02,  2.6965e-02, -8.7397e-02],
          [-3.5511e-02,  8.1034e-02,  3.7485e-02],
          [-4.7861e-03, -5.8015e-02, -5.8871e-02]],

         [[-8.6195e-02, -3.1366e-02,  3.2496e-02],
          [ 6.1355e-02,  4.4427e-02, -8.5058e-02],
          [-5.7866e-02, -1.5186e-02,  9.3083e-02]]],


        [[[ 1.3920e-02, -2.4919e-02,  3.9810e-02],
          [-3.6650e-02, -6.2282e-02,  7.0233e-02],
          [-4.3754e-02, -1.9290e-02, -9.5725e-02]],

         [[ 6.4401e-02,  7.2903e-02,  3.5069e-02],
          [-6.7095e-02, -9.4968e-02, -7.8152e-02],
          [ 7.1755e-02,  4.6198e-02,  8.0974e-02]],

         [[ 5.0409e-02,  2.4354e-02, -9.4237e-04],
          [-7.3180e-02, -8.2443e-02, -9.0004e-02],
          [ 3.9391e-02, -4.7243e-02, -1.9366e-02]],

         ...,

         [[-7.5078e-03, -3.2044e-02, -3.1131e-02],
          [ 3.0918e-03, -2.0411e-02, -3.3131e-02],
          [-4.6073e-02, -7.8311e-02,  8.0685e-02]],

         [[-3.8508e-02,  2.5498e-02, -3.3387e-02],
          [ 7.8191e-03,  8.9711e-02,  4.4333e-02],
          [-8.3389e-02,  3.8192e-02,  9.1341e-02]],

         [[ 2.5315e-02,  6.4512e-02,  9.4867e-02],
          [-1.4745e-02,  1.9972e-02, -6.6880e-02],
          [-1.9830e-02,  7.1263e-02,  4.9329e-02]]],


        ...,


        [[[ 7.5588e-02, -5.0101e-02, -8.2694e-03],
          [-4.5425e-02,  4.0025e-02, -3.3831e-02],
          [ 2.9352e-02,  5.7472e-03, -6.3168e-02]],

         [[-6.4692e-02, -9.3986e-02, -5.3828e-02],
          [ 2.6879e-02,  5.8606e-03,  7.2370e-02],
          [-8.4612e-02, -2.8138e-03, -8.6280e-02]],

         [[ 5.6094e-04,  3.5055e-02, -8.6318e-02],
          [ 8.4979e-02, -2.9889e-02,  8.5256e-02],
          [-1.6154e-02,  5.4587e-02,  8.7473e-02]],

         ...,

         [[-1.5733e-02,  7.5294e-02,  7.7454e-02],
          [ 6.3559e-02,  7.3715e-02, -4.9454e-02],
          [-1.6605e-02, -3.8447e-02,  5.0007e-02]],

         [[ 2.3980e-02, -7.4329e-02, -1.2087e-02],
          [-7.8467e-02, -9.0559e-02,  8.7721e-02],
          [-4.8403e-02,  4.2948e-02, -2.1427e-02]],

         [[-1.9485e-02, -6.2074e-05,  7.5049e-02],
          [-1.3311e-02,  7.9623e-02,  5.6302e-02],
          [ 6.6011e-02, -8.7270e-02, -4.4994e-02]]],


        [[[-7.8397e-02, -2.0437e-02, -1.9930e-02],
          [ 1.9553e-02,  8.6215e-02,  4.3196e-02],
          [-6.6959e-02, -6.0347e-02,  7.2660e-02]],

         [[ 9.5786e-03,  2.7184e-02, -5.0329e-02],
          [-1.1735e-02,  2.7396e-02, -6.3145e-02],
          [ 6.2802e-02,  4.7953e-02, -5.6116e-02]],

         [[-3.9460e-02, -2.2623e-02,  1.4975e-02],
          [-3.5297e-02,  9.2051e-02, -9.2685e-02],
          [-5.4386e-02, -5.8407e-02,  2.6017e-02]],

         ...,

         [[ 1.4277e-02, -9.3543e-02, -1.7006e-02],
          [-2.6107e-02, -4.1060e-02, -5.3376e-02],
          [-7.8064e-02,  9.4772e-02, -8.7893e-02]],

         [[ 8.9449e-02, -7.5643e-02, -2.3346e-02],
          [-3.9420e-02, -5.1504e-02,  3.4211e-02],
          [ 5.5772e-02, -6.3210e-02, -4.4817e-02]],

         [[ 4.9116e-02, -1.1631e-02,  2.3435e-02],
          [ 5.0312e-02, -3.5568e-02, -5.3402e-02],
          [ 3.5420e-02, -3.5237e-02, -6.4051e-02]]],


        [[[-4.8538e-02, -4.4742e-02,  9.5813e-02],
          [ 1.8505e-02,  4.1441e-02,  1.2925e-02],
          [-6.4870e-02,  6.9440e-02, -1.4959e-02]],

         [[-2.4916e-02,  7.8419e-02, -4.9018e-02],
          [ 1.9538e-02, -8.1857e-02,  4.9307e-02],
          [ 3.8221e-02, -7.9126e-02,  5.3706e-02]],

         [[ 1.0588e-02, -4.9688e-02,  8.2044e-02],
          [ 4.1325e-02,  3.3814e-02, -3.5741e-02],
          [-5.2763e-02, -5.1777e-02,  3.6151e-02]],

         ...,

         [[-8.5063e-02,  3.5750e-02, -7.9116e-02],
          [ 5.6159e-02,  1.7593e-02,  8.2562e-02],
          [-7.2576e-02,  6.1929e-02, -6.4218e-02]],

         [[-5.1940e-02,  3.6600e-02, -1.6196e-02],
          [-7.5973e-02, -8.1879e-02, -2.4982e-02],
          [ 2.6643e-02,  8.4520e-02,  7.0769e-02]],

         [[ 1.5768e-03, -5.9024e-02, -8.5790e-02],
          [ 8.5968e-02, -5.3650e-02, -1.6923e-02],
          [-7.7645e-02, -6.6512e-02,  1.8671e-02]]]], device='cuda:0')

----------------------input_conv.bias----------------------
tensor([-0.0238,  0.0110, -0.0007,  0.0049, -0.0191, -0.0037,  0.0418,  0.0703,
         0.0813, -0.0785, -0.0813, -0.0144, -0.0073,  0.0531,  0.0906,  0.0247,
        -0.0683, -0.0109,  0.0622,  0.0355, -0.0681,  0.0056, -0.0929, -0.0388,
         0.0673, -0.0417,  0.0587, -0.0785,  0.0851,  0.0459,  0.0624,  0.0263],
       device='cuda:0')

----------------------body.0.weight----------------------
tensor([[[[ 4.1747e-03, -2.9020e-02, -3.2515e-02],
          [-4.0465e-02,  4.8699e-02, -2.0452e-02],
          [ 1.4355e-03, -5.5396e-02,  1.5815e-02]],

         [[-2.0087e-02, -4.7130e-02,  7.2928e-03],
          [-5.4283e-02, -5.8057e-03, -4.8121e-02],
          [ 3.7253e-02, -4.6797e-02,  9.6240e-03]],

         [[ 2.9177e-02, -4.7082e-02,  3.8146e-02],
          [ 4.7990e-02, -3.6121e-02,  4.9342e-03],
          [ 1.7869e-02,  4.8802e-02,  4.6037e-02]],

         ...,

         [[ 3.9434e-02,  3.6855e-02, -4.7687e-02],
          [-4.3722e-02, -2.1627e-02, -4.2391e-02],
          [ 1.8475e-02, -3.8607e-02, -4.4988e-02]],

         [[ 1.7163e-02,  3.5563e-02, -1.7131e-02],
          [-5.8717e-02,  8.3280e-03,  3.0197e-02],
          [ 4.6031e-02,  5.5909e-03,  4.0908e-02]],

         [[-5.2688e-02,  5.6373e-02, -3.8050e-02],
          [-4.0221e-02,  4.2289e-02, -1.3094e-02],
          [ 3.6365e-02, -4.1273e-02,  4.4582e-02]]],


        [[[ 5.5885e-02,  1.7842e-02,  4.7535e-02],
          [-4.2080e-02, -1.3011e-02,  1.7936e-02],
          [ 3.3298e-02, -3.1464e-02,  3.7496e-02]],

         [[-1.9394e-02, -3.1452e-02,  1.1527e-02],
          [-4.6935e-02, -5.4082e-02,  1.9593e-02],
          [ 2.0071e-02,  2.2660e-02, -7.7274e-03]],

         [[-4.3094e-02, -4.7337e-02,  5.6386e-02],
          [-5.1084e-02,  1.7760e-02,  4.7858e-02],
          [ 4.5018e-02, -3.7153e-02, -1.9000e-02]],

         ...,

         [[ 8.0987e-04,  5.0694e-02, -1.5313e-02],
          [ 1.5199e-02,  3.1228e-02, -1.1426e-02],
          [ 3.8504e-02,  3.8484e-02,  2.6239e-02]],

         [[-1.4376e-02,  5.1183e-02, -3.4049e-02],
          [ 1.8212e-02,  1.1832e-02,  4.1591e-02],
          [-4.8299e-02,  1.0273e-02, -3.3935e-02]],

         [[ 3.1232e-02,  2.0235e-02, -4.5837e-02],
          [-3.6891e-03,  1.6483e-02,  2.5102e-02],
          [ 5.2422e-02,  2.6463e-02,  1.1238e-02]]],


        [[[ 3.1434e-02, -5.5756e-02,  3.9289e-02],
          [-6.9264e-03,  3.3351e-02,  1.6876e-02],
          [-3.1057e-03,  4.1480e-02, -3.4349e-02]],

         [[ 1.6617e-02,  2.5832e-02, -2.0971e-02],
          [ 2.1347e-02, -5.8286e-02, -2.9761e-02],
          [ 2.8650e-02,  3.0371e-02, -5.4088e-02]],

         [[ 2.0392e-02,  5.5407e-03,  5.7520e-02],
          [-5.7475e-02, -1.4044e-02, -3.3372e-02],
          [-3.5855e-02, -9.6241e-03, -5.4157e-02]],

         ...,

         [[ 5.2531e-02, -1.0533e-02, -1.3412e-02],
          [ 1.7626e-02,  5.8549e-02,  1.7785e-02],
          [-5.6849e-02, -1.8805e-02,  5.4876e-02]],

         [[-2.0767e-02, -2.8348e-02, -4.6968e-02],
          [-3.2527e-02, -3.2217e-02,  1.4074e-02],
          [ 2.3543e-02,  5.6237e-02,  3.8671e-02]],

         [[ 8.7515e-04,  3.1783e-02,  3.3685e-02],
          [-5.0820e-02,  2.9738e-02, -4.0304e-02],
          [ 4.5507e-02, -2.5625e-02,  1.2231e-02]]],


        ...,


        [[[-5.5687e-02, -5.4184e-02, -2.8970e-02],
          [-5.9828e-03,  2.8868e-02, -2.0447e-02],
          [ 4.6640e-02,  4.8199e-02,  3.9638e-02]],

         [[-4.7646e-02,  2.3065e-02,  3.3472e-02],
          [ 4.3165e-02, -5.3257e-02, -1.2321e-02],
          [-2.9897e-02, -2.2172e-02,  1.7163e-02]],

         [[-3.2894e-03,  2.5589e-02, -4.3789e-02],
          [-1.8333e-02,  2.5241e-02, -2.1743e-02],
          [ 7.2590e-03, -3.9363e-02,  5.0862e-02]],

         ...,

         [[ 4.7936e-03, -2.6935e-02,  3.9372e-02],
          [-4.2857e-02, -8.9169e-04,  4.8641e-02],
          [ 1.2412e-02, -4.2430e-02,  5.8516e-02]],

         [[-3.4934e-02, -2.5050e-02,  3.6185e-02],
          [-3.5430e-02,  2.3570e-03,  2.1741e-02],
          [ 3.2640e-02, -3.6434e-02,  5.6219e-02]],

         [[ 4.3842e-02, -2.3441e-02,  3.4979e-04],
          [-2.0655e-02, -3.0373e-02,  5.1094e-02],
          [ 4.3802e-02,  1.5289e-02,  5.3006e-02]]],


        [[[-5.7237e-02,  4.3469e-03, -2.9168e-02],
          [ 3.1934e-02,  4.6654e-03, -4.6305e-02],
          [ 1.8456e-03,  2.4146e-02, -1.8129e-02]],

         [[-5.5759e-03, -4.1913e-02,  5.0785e-02],
          [-5.7042e-02, -3.4875e-02, -4.6490e-02],
          [-2.6202e-02, -3.2058e-02,  1.8590e-02]],

         [[ 5.0939e-02,  2.5623e-03,  1.3490e-02],
          [ 4.4510e-02, -5.8835e-02,  3.9203e-03],
          [ 2.6537e-02,  1.0759e-02, -2.4536e-02]],

         ...,

         [[ 2.2165e-05,  4.6903e-02, -4.0260e-02],
          [-2.1060e-02,  2.1307e-02,  1.1972e-02],
          [ 5.5391e-02,  9.7047e-03, -4.5154e-04]],

         [[ 7.7444e-03, -1.2120e-02, -5.4247e-02],
          [-2.0668e-02, -5.3416e-02,  4.3115e-02],
          [ 3.5653e-03,  6.8614e-03, -4.0896e-03]],

         [[-3.0234e-02, -4.1571e-02, -9.0194e-03],
          [ 1.7829e-02, -3.2246e-02, -3.6456e-02],
          [ 3.8284e-02, -2.0459e-02,  3.3197e-02]]],


        [[[ 5.6410e-02,  5.5383e-02, -4.5559e-02],
          [ 4.3696e-03, -4.6204e-02,  2.4310e-03],
          [ 8.1934e-03, -2.5505e-02,  1.7488e-02]],

         [[-1.8473e-02,  3.3199e-02,  5.6175e-04],
          [ 4.0902e-02,  3.9828e-02,  1.3158e-02],
          [ 1.1001e-02, -2.6670e-02, -3.8912e-02]],

         [[ 3.9728e-02,  3.8886e-02,  9.2407e-03],
          [ 4.9440e-02,  3.0768e-02,  3.8492e-02],
          [-1.1302e-02,  8.4231e-03, -5.2980e-02]],

         ...,

         [[-2.3690e-03, -2.5030e-02, -3.6136e-02],
          [-1.7620e-02,  5.1403e-02, -3.7618e-02],
          [-5.4562e-02,  1.7528e-02,  1.9977e-02]],

         [[-4.9925e-02, -2.6450e-02,  5.1076e-02],
          [-2.7853e-02,  2.4723e-02, -2.8286e-02],
          [-5.2020e-02, -5.6843e-02,  4.4948e-02]],

         [[ 1.8061e-02,  1.6754e-02,  2.0277e-02],
          [ 2.2705e-02,  3.8897e-02,  4.5204e-02],
          [ 4.5435e-02,  1.8931e-02,  1.0519e-02]]]], device='cuda:0')

----------------------body.0.bias----------------------
tensor([ 0.0126, -0.0477,  0.0263,  0.0145,  0.0256, -0.0145,  0.0489,  0.0071,
        -0.0140, -0.0017, -0.0235, -0.0087,  0.0500,  0.0196, -0.0066,  0.0022,
         0.0135, -0.0340, -0.0323,  0.0519,  0.0003,  0.0175, -0.0271, -0.0433,
         0.0117,  0.0318, -0.0555, -0.0583, -0.0197,  0.0381, -0.0527,  0.0471],
       device='cuda:0')

----------------------body.2.weight----------------------
tensor([[[[ 5.3289e-02, -1.3224e-02,  3.7639e-03],
          [-2.4337e-03,  5.7409e-02,  6.5482e-03],
          [ 1.4398e-02, -2.0162e-02, -7.1971e-04]],

         [[-3.1249e-02,  2.9615e-03, -8.1775e-03],
          [ 1.0982e-02,  1.1455e-02, -4.8213e-02],
          [ 3.9367e-02,  3.2412e-02,  4.1508e-02]],

         [[ 4.3393e-02,  1.5201e-02,  3.2209e-02],
          [ 2.9041e-02,  3.5130e-02, -3.5488e-02],
          [ 2.7916e-02, -4.7242e-03,  2.2789e-02]],

         ...,

         [[-3.2456e-02,  3.5424e-02,  2.0297e-03],
          [ 9.8420e-05,  7.9548e-03, -4.4732e-04],
          [ 2.9121e-02, -4.7153e-03, -2.0807e-02]],

         [[ 6.1429e-03, -3.4503e-02,  2.3586e-02],
          [ 5.9273e-03,  2.9725e-02, -1.0333e-02],
          [-3.3294e-04, -2.8059e-02, -2.6453e-02]],

         [[ 1.4561e-03,  3.0163e-02, -2.2296e-02],
          [ 4.6307e-02, -1.9896e-02, -1.2115e-02],
          [ 4.7216e-02, -1.0697e-02,  3.2046e-02]]],


        [[[-5.8020e-03,  3.5025e-02,  7.6638e-03],
          [-2.7766e-02, -3.8816e-02,  3.4980e-02],
          [ 1.4481e-02, -9.1518e-03, -1.1258e-02]],

         [[-2.4460e-02, -4.0814e-02,  1.3072e-02],
          [-5.0103e-02, -7.8181e-04,  4.2109e-02],
          [ 2.6884e-02,  3.1835e-02,  1.0892e-02]],

         [[-3.2960e-02,  3.0038e-02,  4.5983e-02],
          [ 2.4118e-02,  4.1044e-02, -4.7579e-02],
          [-5.1275e-02, -1.3647e-02,  1.5505e-02]],

         ...,

         [[ 5.4969e-03, -5.2399e-02, -3.9238e-02],
          [ 2.7249e-03, -1.5615e-02, -4.5577e-02],
          [-1.7856e-02, -5.4116e-02, -6.7284e-03]],

         [[-6.8684e-03,  3.0888e-03,  5.0049e-03],
          [-1.0264e-02,  4.7025e-02, -2.1097e-02],
          [ 2.6629e-02,  2.2247e-02, -7.2226e-03]],

         [[-4.3183e-02, -4.9651e-02,  1.6311e-02],
          [ 1.8016e-02,  3.5739e-02, -2.6083e-02],
          [ 4.7575e-02,  5.8918e-02, -9.3722e-03]]],


        [[[-2.2963e-02, -1.8509e-02, -5.1230e-02],
          [ 3.3970e-02,  6.4219e-03,  2.7148e-02],
          [ 3.7860e-02, -2.5024e-02,  5.4877e-04]],

         [[ 4.7635e-02, -4.5425e-02,  5.1808e-02],
          [ 3.0642e-02, -1.8505e-02, -4.8112e-02],
          [ 3.1474e-02,  2.8114e-02, -2.6684e-02]],

         [[ 2.8057e-02,  1.7492e-02,  5.8007e-02],
          [ 3.0145e-02,  9.1009e-03, -5.8322e-02],
          [ 4.7960e-02,  5.0596e-02, -1.6330e-02]],

         ...,

         [[ 5.3149e-02, -4.6677e-02,  1.6663e-02],
          [ 2.9293e-02, -5.1142e-03,  5.1810e-02],
          [-5.4802e-02, -8.5540e-03, -3.1004e-02]],

         [[ 2.3217e-02,  5.7615e-02, -5.7681e-02],
          [-2.6267e-02, -4.3637e-02, -3.3051e-02],
          [ 1.7814e-02,  8.6872e-04, -4.6153e-02]],

         [[-3.6133e-02, -3.8591e-02,  4.4718e-03],
          [-4.8527e-02, -4.6073e-02, -4.7209e-02],
          [ 4.7529e-02,  4.3039e-02, -2.7880e-02]]],


        ...,


        [[[ 3.2472e-02, -4.7256e-02,  3.8244e-02],
          [ 1.7589e-02,  5.7350e-02,  2.5959e-03],
          [ 5.8841e-03,  1.3551e-02,  4.7659e-02]],

         [[-4.9083e-02,  3.2581e-02,  3.3914e-02],
          [-4.7507e-03, -4.0063e-02,  4.5499e-02],
          [ 3.5857e-02, -1.3653e-02,  1.0240e-02]],

         [[-1.8044e-02, -2.6552e-02,  5.8533e-02],
          [ 2.3719e-02,  3.7523e-03,  3.7459e-02],
          [ 3.9433e-02,  3.1528e-02,  2.6233e-02]],

         ...,

         [[ 1.5625e-02,  9.6888e-03,  4.7591e-02],
          [-5.7881e-02,  6.2014e-03, -3.2330e-02],
          [-2.6352e-02, -3.7805e-02, -1.3850e-02]],

         [[-5.5253e-02, -5.4714e-02,  3.9744e-02],
          [ 3.6116e-02, -2.2089e-02, -1.9257e-02],
          [-2.0983e-02,  1.4559e-02, -2.3411e-02]],

         [[ 2.4305e-02, -1.4642e-04,  1.4991e-02],
          [-2.9588e-02, -2.9119e-02,  2.5278e-02],
          [ 4.4948e-02, -3.1946e-02,  3.0740e-02]]],


        [[[-4.2465e-03,  5.8103e-02, -2.5303e-02],
          [ 5.0055e-02,  2.4219e-02,  4.5473e-02],
          [-3.3194e-04,  3.9934e-02,  6.1636e-04]],

         [[ 8.8718e-04, -1.0390e-02,  1.6870e-02],
          [ 5.6801e-02,  4.7188e-02, -3.2392e-02],
          [-2.4566e-02,  3.2072e-02, -2.2416e-02]],

         [[-1.8855e-02,  1.2558e-02, -3.3740e-02],
          [-4.2649e-02,  4.7368e-02, -5.3311e-02],
          [-3.5559e-02,  2.6615e-02, -8.5513e-03]],

         ...,

         [[ 3.9765e-02, -5.7179e-02,  1.3714e-02],
          [-2.9494e-03, -1.3631e-03, -4.2932e-02],
          [-6.3853e-03, -1.3293e-02, -2.0079e-02]],

         [[ 4.9000e-02, -5.2462e-02,  5.9025e-03],
          [ 2.6407e-02,  1.1213e-02,  4.0565e-02],
          [ 7.2897e-03,  3.6765e-02,  2.7737e-02]],

         [[-3.9143e-02, -5.0650e-02, -2.9394e-02],
          [-3.4173e-02, -4.4124e-02,  1.2874e-02],
          [-4.5956e-02, -4.2961e-02, -2.0282e-02]]],


        [[[-5.5570e-02, -3.6924e-02, -1.3006e-02],
          [ 3.7295e-03,  2.5096e-02,  5.2340e-02],
          [-1.1693e-02, -3.4877e-02, -3.6758e-02]],

         [[-4.2646e-02,  3.7989e-02,  5.2061e-02],
          [ 1.4729e-02,  1.4483e-02,  1.9223e-02],
          [ 3.9712e-02,  3.2944e-02,  3.9219e-02]],

         [[ 2.0063e-02,  7.4016e-03, -1.5459e-02],
          [ 3.6593e-02,  1.6931e-02,  3.6524e-02],
          [ 5.6115e-02,  4.4095e-02,  5.4271e-02]],

         ...,

         [[ 1.6987e-02,  1.1773e-02, -4.7548e-02],
          [-3.3882e-02,  5.7217e-02, -4.1533e-03],
          [-8.0676e-03, -2.6608e-02,  2.2009e-02]],

         [[ 2.2255e-02,  2.2886e-02, -2.1387e-02],
          [ 2.9726e-02,  3.8010e-02,  5.5073e-02],
          [-5.6137e-02,  2.1571e-02, -2.1173e-02]],

         [[-1.6701e-02, -4.3125e-02,  1.6739e-02],
          [-4.7099e-02, -3.4594e-02, -2.5624e-03],
          [ 2.1574e-02,  2.6040e-02,  3.7122e-02]]]], device='cuda:0')

----------------------body.2.bias----------------------
tensor([-0.0582, -0.0282,  0.0100, -0.0421, -0.0320, -0.0239,  0.0294,  0.0258,
        -0.0225, -0.0299,  0.0119,  0.0172,  0.0527,  0.0422, -0.0161, -0.0047,
         0.0319,  0.0131,  0.0287,  0.0543,  0.0203, -0.0040, -0.0576, -0.0272,
         0.0277,  0.0536,  0.0199, -0.0411, -0.0476,  0.0567, -0.0178, -0.0150],
       device='cuda:0')

----------------------body.4.weight----------------------
tensor([[[[-1.1774e-02,  3.3725e-02,  5.2835e-02],
          [ 2.0583e-02,  3.8321e-02,  5.1535e-02],
          [-5.6813e-02, -2.3495e-02, -3.0981e-02]],

         [[ 2.9861e-02,  4.1977e-02,  8.0607e-03],
          [ 3.9757e-02, -5.5287e-02, -1.1109e-02],
          [ 6.4734e-03, -5.2065e-03,  4.5326e-02]],

         [[-2.3323e-02,  4.8289e-02, -1.6714e-02],
          [ 3.2031e-03,  1.0031e-02,  4.9777e-02],
          [-1.1634e-02, -4.0804e-03,  4.1952e-02]],

         ...,

         [[-6.9967e-03, -1.6221e-02,  4.6669e-02],
          [ 1.7492e-02,  6.4063e-03,  5.3042e-02],
          [-2.9592e-02,  4.6795e-02,  2.9454e-02]],

         [[-3.7681e-02,  5.3869e-02,  2.0419e-02],
          [-4.2795e-02,  5.0469e-02, -4.8053e-02],
          [ 7.9651e-03,  2.6983e-02,  3.1380e-02]],

         [[-5.1896e-02,  5.1603e-02,  5.1590e-02],
          [ 3.4508e-02,  2.0175e-02, -3.7865e-02],
          [ 4.4251e-02,  3.6248e-03, -8.4288e-03]]],


        [[[-1.8612e-02,  3.7907e-03, -1.2287e-02],
          [-4.4090e-02, -3.8575e-02, -2.0888e-02],
          [-1.0672e-02, -3.0431e-02, -1.7062e-02]],

         [[-4.5138e-02, -4.1783e-02,  3.5253e-02],
          [-1.8352e-02, -1.8788e-02,  1.5811e-05],
          [ 9.2872e-03, -3.8221e-02,  2.6881e-02]],

         [[ 2.5288e-02,  2.6200e-02, -4.2865e-02],
          [ 5.3093e-02,  3.1888e-02,  1.6786e-02],
          [ 3.2470e-02, -3.3581e-02,  2.2691e-02]],

         ...,

         [[ 4.7831e-02, -1.8441e-02,  5.3244e-02],
          [ 3.1420e-02,  2.0673e-02,  2.4774e-02],
          [-9.4323e-03, -1.4970e-02, -1.9884e-02]],

         [[-5.5199e-02, -1.8442e-02, -3.2263e-02],
          [-5.0132e-02, -4.4407e-02,  5.1220e-02],
          [ 3.1379e-03,  4.6891e-02,  3.6275e-02]],

         [[ 2.1990e-02, -4.6763e-02, -2.1452e-02],
          [ 2.1842e-02,  1.4244e-02, -4.8694e-02],
          [ 5.6616e-02,  4.7793e-02,  2.3353e-02]]],


        [[[-3.5824e-02,  2.6550e-02,  3.5295e-02],
          [ 2.6170e-02, -3.0331e-02,  6.8392e-04],
          [-4.6141e-02, -3.1184e-02, -3.4359e-02]],

         [[ 4.7908e-02, -4.3546e-02,  2.0497e-02],
          [ 5.6395e-04, -3.2520e-03,  1.5399e-02],
          [-4.3129e-02,  2.7112e-02,  4.2055e-02]],

         [[-5.6229e-02,  2.9282e-02, -6.6852e-03],
          [ 1.0836e-02, -1.2673e-02,  1.4580e-02],
          [ 3.3083e-02, -2.0242e-02, -5.1741e-02]],

         ...,

         [[ 1.4261e-02,  2.0907e-02, -3.5749e-03],
          [ 1.4985e-02,  1.5032e-02, -2.5354e-02],
          [ 4.9099e-02, -2.9911e-03, -7.3450e-04]],

         [[-3.7988e-02,  4.3431e-02,  5.1778e-02],
          [ 1.3309e-02, -3.7632e-02, -3.4787e-02],
          [-5.7549e-02, -4.5765e-03,  2.8681e-02]],

         [[-3.2612e-02, -2.9942e-02, -3.4296e-02],
          [ 1.0570e-02,  2.8785e-02, -4.3879e-02],
          [-3.0272e-02,  2.3883e-02,  4.3131e-02]]],


        ...,


        [[[ 5.6278e-02, -5.1871e-02, -2.9991e-02],
          [ 6.9241e-03, -2.0347e-02,  5.9403e-03],
          [ 3.4192e-02,  1.5084e-03,  3.7511e-02]],

         [[-4.2824e-02, -4.4721e-02, -4.9858e-02],
          [ 9.8812e-03, -4.1183e-02,  4.3062e-02],
          [ 2.7474e-02,  1.7623e-02, -7.9688e-03]],

         [[-4.4439e-02,  5.1252e-03, -5.1057e-02],
          [-5.5866e-02, -2.8165e-02, -2.8118e-02],
          [-4.4174e-02,  6.0217e-03, -5.6616e-02]],

         ...,

         [[-1.8693e-02, -1.3384e-02,  5.3229e-02],
          [-2.0714e-02,  2.1624e-03,  9.5600e-03],
          [ 5.7655e-02, -5.9064e-03,  3.5256e-02]],

         [[ 3.0117e-02, -6.1325e-03, -1.3832e-02],
          [-5.2600e-02, -2.4892e-03, -4.0418e-02],
          [ 2.6036e-03, -3.2511e-02, -1.2547e-02]],

         [[-3.6452e-02,  2.2724e-02,  3.6160e-02],
          [-2.0698e-02, -5.8276e-02, -2.2656e-02],
          [ 4.6383e-02,  4.4080e-02, -4.2104e-02]]],


        [[[ 5.1726e-03,  8.6303e-03, -3.7887e-02],
          [-9.9994e-03,  4.1054e-02,  5.6524e-02],
          [ 8.6073e-03, -4.4843e-02,  4.6749e-03]],

         [[ 8.9524e-03,  2.1886e-02,  2.6062e-03],
          [ 4.3632e-02, -2.0176e-02, -5.3705e-02],
          [-3.6746e-02, -1.4102e-02, -2.7480e-02]],

         [[-5.7213e-02,  1.6478e-02,  5.3499e-02],
          [ 7.4361e-03, -2.0125e-03,  3.2348e-03],
          [-4.4766e-02, -4.1732e-02,  1.9854e-02]],

         ...,

         [[ 3.0834e-03,  4.3673e-02, -2.2647e-02],
          [-4.3413e-02,  3.8941e-02, -3.1177e-02],
          [-1.2431e-02,  3.0695e-02,  1.0401e-02]],

         [[ 2.6214e-02, -5.5379e-02, -4.0149e-02],
          [ 4.3905e-02,  4.4987e-02,  8.0933e-03],
          [ 5.2849e-02, -1.1180e-02,  4.8152e-02]],

         [[-3.9690e-02, -4.7603e-02,  1.8113e-02],
          [-3.2679e-02,  1.2206e-02,  2.4217e-02],
          [ 5.3023e-02, -4.3712e-02, -3.4924e-02]]],


        [[[ 3.5621e-02,  5.8664e-03,  9.7256e-03],
          [-1.1865e-02,  5.4899e-02, -9.0577e-03],
          [-2.5958e-02,  5.0527e-02, -1.0980e-02]],

         [[ 3.0720e-02, -2.6638e-02,  2.5106e-03],
          [-7.7240e-03,  2.9382e-02, -3.3786e-02],
          [-4.8503e-02, -5.8920e-02, -4.0903e-02]],

         [[-4.4309e-03,  7.1539e-03,  5.3541e-02],
          [ 2.9036e-02, -2.9437e-02, -1.0696e-02],
          [ 1.7596e-02,  5.2089e-02, -4.3587e-02]],

         ...,

         [[ 2.0499e-02,  2.3901e-03, -1.3044e-02],
          [-3.3691e-03, -2.8150e-02, -4.1076e-02],
          [ 4.1637e-02, -4.2516e-02,  3.0504e-02]],

         [[-3.2558e-02, -1.4495e-02, -1.8869e-02],
          [ 4.9880e-02, -5.1981e-02, -2.0742e-04],
          [-2.8351e-02,  4.7881e-02,  1.9085e-03]],

         [[ 2.0382e-03, -4.0212e-02,  4.3614e-02],
          [ 3.5462e-02,  3.9258e-02, -3.4494e-02],
          [-4.4948e-02,  1.0711e-02, -1.6739e-02]]]], device='cuda:0')

----------------------body.4.bias----------------------
tensor([-0.0147,  0.0370, -0.0055,  0.0335, -0.0466,  0.0168, -0.0476, -0.0204,
         0.0277, -0.0387,  0.0323,  0.0347,  0.0215, -0.0102,  0.0099,  0.0083,
        -0.0200, -0.0473, -0.0030,  0.0309, -0.0264,  0.0204, -0.0190, -0.0220,
        -0.0447, -0.0548, -0.0225, -0.0205, -0.0425,  0.0584, -0.0507,  0.0303],
       device='cuda:0')

----------------------feature_head.weight----------------------
tensor([[[[ 4.1867e-02,  3.1746e-03,  4.4277e-02],
          [-2.3403e-02,  5.6658e-02,  1.8344e-02],
          [-7.7097e-03, -5.4451e-02,  1.0816e-02]],

         [[-5.4498e-02,  2.3879e-02, -2.8529e-02],
          [-3.4319e-02, -1.2968e-04, -4.0609e-02],
          [ 6.3639e-03,  1.0228e-02,  2.0947e-02]],

         [[ 5.0489e-02,  4.5056e-02,  3.9481e-02],
          [-3.0431e-02, -2.2019e-02,  5.3098e-02],
          [-2.9813e-02,  9.7923e-03,  3.2477e-02]],

         [[ 5.6716e-02,  1.8582e-02,  2.1025e-02],
          [ 5.5251e-02,  4.1742e-02, -2.7161e-02],
          [ 1.7952e-02,  7.9540e-03,  3.0463e-02]],

         [[-2.8864e-02, -8.2372e-03,  2.0131e-02],
          [ 4.5744e-02,  2.8119e-02, -4.0285e-02],
          [ 1.1249e-02, -1.3640e-02,  1.4047e-02]],

         [[ 1.8608e-02,  1.7062e-02, -3.1178e-02],
          [ 4.6003e-02,  1.4730e-03,  4.4543e-02],
          [ 3.2778e-02,  2.5783e-02, -1.7129e-02]],

         [[ 4.0698e-02, -8.0423e-03,  2.9358e-02],
          [-1.2030e-02, -7.7142e-03,  3.4229e-02],
          [-3.9252e-02, -3.0299e-02, -4.9480e-02]],

         [[ 4.4034e-02,  5.5345e-02,  8.5781e-03],
          [ 2.1658e-02,  2.9472e-02,  1.9276e-02],
          [ 6.3142e-03,  2.1523e-02,  3.5566e-02]],

         [[-3.6208e-02, -2.3868e-02, -5.9119e-03],
          [-5.8382e-02,  1.7730e-02,  8.2089e-03],
          [-1.3532e-03,  3.0797e-02, -3.5959e-02]],

         [[-9.6334e-03,  2.2338e-02,  1.6471e-02],
          [ 2.0247e-02, -1.8854e-02, -1.7574e-02],
          [-1.5495e-02, -4.9696e-02,  2.8702e-02]],

         [[-5.1384e-02,  4.6487e-02, -1.0265e-02],
          [ 1.5433e-02,  5.2421e-02,  3.1031e-03],
          [ 4.6091e-02,  1.6512e-02, -2.3075e-02]],

         [[-1.6662e-02, -2.0279e-02,  5.0539e-02],
          [-3.0372e-02, -2.2793e-02, -6.5852e-03],
          [-1.9902e-02, -3.7709e-02,  3.7708e-03]],

         [[ 3.3849e-02, -2.0642e-02, -1.5595e-02],
          [-4.3177e-02,  1.5145e-02,  1.1548e-02],
          [ 2.9771e-02,  4.8139e-02, -3.0901e-02]],

         [[ 4.2328e-02, -4.1217e-02, -1.3877e-02],
          [-4.6203e-02, -1.6559e-02, -3.7640e-02],
          [-5.3343e-02, -3.6218e-02, -2.4339e-02]],

         [[-4.8299e-02,  4.2836e-02,  5.0337e-02],
          [ 2.4525e-03, -8.7642e-03, -4.0735e-02],
          [ 5.1095e-02,  1.0292e-02, -1.6283e-03]],

         [[-1.5815e-02,  5.0745e-02,  3.9371e-02],
          [ 5.6352e-02,  5.0111e-02, -4.8688e-02],
          [-5.2372e-02, -3.7239e-02, -4.9404e-02]],

         [[-1.3181e-02, -1.8391e-02, -1.7256e-02],
          [ 2.1881e-02, -1.5030e-02,  3.5022e-02],
          [ 1.7759e-02,  4.9933e-02,  3.5182e-02]],

         [[-2.2770e-02, -2.3855e-02, -1.2104e-03],
          [-5.5685e-02, -3.4334e-02, -3.3554e-02],
          [ 4.5718e-02, -3.5163e-02, -3.6438e-02]],

         [[-4.3622e-02, -5.8836e-03, -3.5109e-02],
          [-5.2302e-02,  5.7089e-02, -2.2397e-02],
          [-4.3487e-03,  7.7315e-03,  3.1463e-03]],

         [[ 1.7110e-02,  2.6335e-02, -2.2395e-02],
          [-2.3484e-02, -6.9041e-03, -5.5354e-02],
          [-3.1282e-02,  2.5426e-02, -7.0745e-04]],

         [[-3.9725e-02, -3.8294e-02, -1.8900e-02],
          [ 5.3558e-02,  3.5285e-02, -4.2082e-02],
          [ 2.5829e-02, -4.4080e-02,  5.8301e-02]],

         [[ 8.6383e-03, -5.9230e-03,  4.7724e-02],
          [-6.8364e-03, -5.4644e-02,  3.9780e-02],
          [ 5.4461e-03, -4.9581e-02,  7.5219e-03]],

         [[ 4.2893e-02,  3.4402e-02, -5.3239e-02],
          [-3.2149e-02,  5.8911e-02,  5.1333e-02],
          [ 1.0942e-02, -1.3394e-02,  5.6981e-02]],

         [[ 5.4329e-03,  4.0867e-02, -5.8846e-02],
          [-4.0962e-02,  4.7788e-03, -2.1551e-03],
          [-3.1838e-03, -3.0560e-02,  1.8802e-02]],

         [[-5.1521e-02, -1.0188e-02, -5.3109e-02],
          [-1.6198e-02,  2.4427e-02, -1.1997e-02],
          [-4.7516e-02, -4.8422e-02,  2.0164e-02]],

         [[-1.2334e-02,  1.3172e-02,  3.1541e-02],
          [-2.0354e-02, -4.9370e-02,  3.2933e-02],
          [ 5.2849e-02, -3.4187e-02, -4.2660e-02]],

         [[-2.3774e-02,  9.6235e-03,  1.1837e-02],
          [ 2.0548e-02,  5.4315e-02, -3.8858e-02],
          [ 3.6881e-02,  5.6781e-02, -2.7761e-02]],

         [[-3.8132e-02,  5.3136e-02,  5.7874e-02],
          [ 1.2523e-02, -2.8000e-02, -1.8802e-02],
          [-5.7134e-02, -6.9210e-03, -3.0594e-02]],

         [[ 5.3702e-02, -4.9840e-03,  2.2339e-02],
          [ 3.5314e-02,  2.6534e-02,  2.3576e-02],
          [-2.7682e-03, -7.6065e-03, -4.8477e-02]],

         [[-3.2153e-02,  1.9153e-03,  5.4108e-02],
          [-1.1927e-03,  2.3094e-02,  2.4364e-02],
          [-4.9010e-02,  5.2441e-02,  2.1224e-02]],

         [[-9.6074e-03, -3.5226e-02, -4.1331e-02],
          [-1.9246e-02, -1.8266e-02, -4.6376e-03],
          [ 3.8436e-02, -3.4659e-02, -2.9783e-02]],

         [[-1.6728e-02, -2.9190e-02,  1.1435e-02],
          [-2.3362e-02, -2.5616e-02,  5.4520e-02],
          [-1.4410e-02, -4.5837e-02,  3.3801e-02]]],


        [[[-1.2406e-02, -2.6916e-02,  4.7693e-02],
          [-2.0513e-02, -2.8490e-02,  1.8097e-02],
          [-1.3668e-02,  4.7419e-02,  4.4113e-02]],

         [[-2.8507e-03, -1.6893e-02,  3.4713e-02],
          [ 3.3872e-02, -3.9191e-02,  1.6757e-02],
          [ 1.6545e-02,  5.8457e-02, -3.4335e-02]],

         [[-4.3798e-02, -1.6058e-02, -5.8143e-02],
          [-1.3456e-03,  2.9765e-02, -3.0525e-02],
          [ 5.5851e-02,  3.3716e-02,  3.6833e-02]],

         [[-3.7235e-02,  3.5484e-02,  3.8191e-02],
          [ 3.5456e-02, -4.3862e-02,  2.4367e-02],
          [ 1.3338e-02,  4.9411e-03,  5.2335e-02]],

         [[-2.0036e-04, -2.1108e-02, -3.8747e-02],
          [-4.1910e-02, -1.9824e-02,  4.2514e-02],
          [ 3.0205e-02,  2.5042e-02,  2.6642e-02]],

         [[ 1.2764e-02, -1.8012e-02,  2.1286e-02],
          [-1.6599e-02,  2.4466e-02,  2.8374e-02],
          [-4.0701e-02, -4.2451e-02, -5.8091e-02]],

         [[ 1.3933e-02, -2.1865e-02, -7.5049e-03],
          [ 7.4734e-03,  1.0243e-02, -5.0624e-02],
          [-6.4899e-03, -1.0701e-02, -1.3142e-02]],

         [[-5.8924e-02, -4.0758e-02, -1.3878e-02],
          [ 1.4157e-02,  4.2179e-02, -3.0793e-02],
          [-8.2076e-05,  4.4586e-02, -1.7861e-02]],

         [[ 2.3503e-02,  3.6753e-02, -1.5422e-02],
          [-3.3563e-02,  2.7976e-02,  1.8661e-02],
          [-2.4519e-02, -4.6531e-02, -4.9972e-03]],

         [[ 5.6567e-04,  3.0771e-02, -4.2900e-02],
          [ 1.1120e-02,  1.2014e-02,  1.4023e-02],
          [-4.6377e-02, -1.7733e-02, -5.8113e-02]],

         [[ 1.9455e-02, -3.2895e-02, -4.6113e-02],
          [ 4.3835e-02, -3.5813e-02,  1.6899e-02],
          [ 3.3703e-02,  2.2715e-02, -4.9617e-02]],

         [[-3.3573e-02, -5.3518e-02, -8.0930e-04],
          [ 2.0585e-02, -4.0178e-02,  2.6421e-02],
          [-5.2998e-02, -4.3555e-02, -3.3544e-02]],

         [[-7.1469e-03,  5.8813e-02,  5.8575e-02],
          [-5.6355e-02,  2.0573e-03,  3.3527e-02],
          [-6.1727e-03, -2.0518e-02,  1.2687e-02]],

         [[ 5.8298e-02, -3.2211e-02,  6.1014e-03],
          [ 5.0267e-03, -3.0485e-02, -3.4596e-02],
          [-7.0720e-03,  4.7413e-02,  1.0555e-02]],

         [[-4.6154e-02,  3.6790e-02, -9.6836e-03],
          [-1.9639e-02,  5.5150e-02, -4.9169e-02],
          [-3.3437e-02, -2.9303e-02,  5.9228e-03]],

         [[ 2.6619e-02, -5.1944e-02,  7.2430e-03],
          [ 2.0945e-02, -1.0133e-02, -5.0069e-02],
          [ 4.4407e-02,  7.6054e-03,  3.0642e-03]],

         [[ 3.6273e-02,  5.4203e-02,  2.1526e-02],
          [-2.1806e-02, -5.6139e-03, -2.1208e-02],
          [ 3.2546e-02,  4.4147e-02,  3.6053e-02]],

         [[ 4.9536e-02,  4.0154e-02,  2.4615e-02],
          [-5.8340e-02,  9.5437e-03, -2.1418e-02],
          [-2.5890e-02,  8.6885e-03,  1.1092e-02]],

         [[-4.9884e-02, -9.2754e-03,  2.4834e-02],
          [ 2.1883e-02,  1.2303e-02,  3.8466e-02],
          [ 1.6777e-02, -1.3190e-02,  3.9531e-02]],

         [[ 1.1120e-02,  3.6833e-02, -1.8143e-02],
          [-5.6461e-02, -1.8163e-02, -1.7328e-02],
          [ 3.6482e-02,  2.4127e-02, -8.1195e-03]],

         [[-2.6283e-02, -3.4133e-03,  5.4218e-04],
          [ 5.0612e-02, -7.7462e-03,  1.0211e-02],
          [-4.0183e-03,  9.1660e-03, -5.3921e-02]],

         [[ 2.6576e-03,  1.1665e-02,  7.4983e-04],
          [ 3.9129e-02,  3.3643e-02, -1.5591e-02],
          [ 3.6450e-02, -4.2077e-02,  9.8075e-03]],

         [[ 1.3444e-02,  2.7440e-02,  1.6864e-02],
          [-9.5332e-03, -2.9669e-02, -1.3369e-02],
          [ 6.6658e-03, -5.3257e-02,  2.0312e-02]],

         [[ 5.5556e-02, -2.2188e-02,  2.0295e-02],
          [ 2.0975e-02, -2.3204e-02,  3.2076e-02],
          [ 1.7487e-03,  4.5253e-02, -1.8470e-02]],

         [[ 4.2163e-02, -4.3668e-02, -1.1850e-03],
          [-2.9037e-02, -1.2181e-02,  9.6005e-03],
          [ 5.6855e-02, -1.7658e-02,  3.0464e-02]],

         [[ 3.3570e-02,  5.1339e-02,  6.2296e-03],
          [ 1.0921e-02, -4.7420e-02, -1.7262e-02],
          [-2.6051e-02,  5.6215e-02,  2.5215e-02]],

         [[-2.9975e-03, -3.5380e-03,  3.1703e-02],
          [ 5.1796e-02, -3.7348e-02,  1.5601e-02],
          [ 2.4867e-03, -4.3893e-02,  2.6869e-02]],

         [[ 2.2679e-02, -1.0942e-02,  2.4956e-02],
          [-3.4925e-02, -4.8239e-02, -5.6389e-02],
          [-3.0720e-02, -1.8910e-02, -1.8815e-02]],

         [[-5.5755e-02,  1.7554e-02, -1.0392e-02],
          [-5.3147e-02, -5.5637e-02,  4.0623e-02],
          [-5.0680e-02,  3.4174e-02,  7.3089e-03]],

         [[ 4.5775e-02, -5.0945e-02,  2.6160e-02],
          [ 2.7374e-02, -3.6524e-03,  2.5228e-03],
          [-4.4003e-02,  4.4648e-02,  2.7776e-02]],

         [[ 3.6106e-02, -3.2254e-03, -4.1483e-02],
          [ 4.2055e-02, -5.3287e-02,  2.6486e-02],
          [ 1.5312e-03,  1.8394e-02, -2.1928e-02]],

         [[-2.2594e-02, -3.3801e-02, -1.8243e-02],
          [ 1.0795e-02,  1.8547e-02,  3.7984e-02],
          [-3.4855e-02,  1.7103e-02, -3.1832e-03]]],


        [[[-4.3462e-02,  7.5473e-03, -7.1020e-03],
          [-3.3096e-02, -4.8053e-02, -3.5712e-02],
          [ 4.8614e-02, -3.0924e-02, -2.0345e-02]],

         [[-1.4681e-02, -5.3737e-02,  5.7264e-02],
          [ 4.1461e-02, -3.3709e-02, -4.3818e-03],
          [ 3.8977e-03, -3.9709e-02,  5.8894e-02]],

         [[ 3.7490e-02,  1.5301e-02, -4.7691e-02],
          [-4.5578e-02, -3.0299e-04,  4.4088e-02],
          [-2.5610e-02,  2.8718e-02, -1.2725e-02]],

         [[-4.5724e-02, -2.4956e-03,  5.8513e-04],
          [-1.9451e-02,  1.3470e-02,  3.9994e-02],
          [ 1.9603e-02,  1.2002e-02, -1.0540e-02]],

         [[ 5.4123e-02,  4.7575e-02,  8.9804e-04],
          [ 4.3323e-02,  2.8863e-02,  3.4441e-02],
          [-4.6393e-02,  1.9222e-02,  8.3051e-03]],

         [[ 1.7899e-02,  4.4256e-03,  2.5559e-02],
          [-2.0842e-02, -3.5871e-02, -3.0382e-02],
          [-3.2468e-02, -5.6821e-02,  3.7171e-02]],

         [[ 2.1328e-02, -1.3570e-02, -9.2981e-03],
          [ 2.1729e-02,  4.7299e-03,  2.4359e-03],
          [-5.6588e-02,  1.3677e-02, -5.4411e-02]],

         [[-3.3253e-02,  5.3787e-02, -2.2402e-02],
          [-3.5826e-02,  4.6513e-02,  8.0030e-03],
          [-2.3736e-02,  1.9467e-02, -5.7890e-02]],

         [[ 1.5156e-02, -4.2605e-02, -4.8050e-02],
          [-2.9036e-02,  4.3679e-02,  1.2059e-02],
          [-1.4215e-02, -4.4852e-02, -1.1284e-02]],

         [[ 3.9548e-02,  4.0008e-02,  4.5607e-02],
          [ 3.6051e-02, -2.6969e-02,  4.2037e-02],
          [ 5.3997e-03,  3.7921e-02,  3.3564e-02]],

         [[ 1.5227e-02,  4.7936e-02,  2.9534e-02],
          [-2.2433e-02,  1.7212e-02,  2.4999e-02],
          [ 2.0535e-02,  5.8109e-02,  3.5893e-02]],

         [[-3.0449e-02,  2.3903e-02, -4.2603e-02],
          [-7.3534e-03,  5.6135e-03,  3.4117e-03],
          [-3.6801e-02, -5.7403e-02,  1.9465e-02]],

         [[ 1.9954e-02,  5.6410e-02, -3.0252e-02],
          [-4.5507e-02, -3.4191e-02, -4.9867e-03],
          [ 9.8323e-03, -5.3140e-02,  4.7124e-02]],

         [[ 2.1873e-02,  4.9313e-02,  2.3732e-02],
          [ 4.6240e-02, -9.6353e-03,  4.8362e-03],
          [ 1.9446e-02, -1.4659e-03,  3.1908e-02]],

         [[ 3.7327e-02,  7.3927e-03,  9.5224e-03],
          [ 1.0104e-02, -5.5064e-02,  4.2275e-02],
          [-2.6837e-02,  7.0673e-03, -1.9516e-02]],

         [[-4.6491e-02, -5.8239e-02,  3.5150e-02],
          [ 5.2783e-02, -4.8139e-02, -1.3275e-02],
          [-1.1965e-02, -5.4225e-02, -5.4607e-02]],

         [[ 9.2566e-03,  1.7099e-02,  2.9859e-02],
          [ 4.4886e-02, -3.4562e-03, -5.6394e-03],
          [ 2.9096e-02, -1.1073e-02, -2.2077e-02]],

         [[-1.7883e-02,  3.0242e-02,  3.3733e-04],
          [-4.5843e-03,  4.6272e-02,  3.5067e-02],
          [ 2.8118e-02,  2.9749e-03, -3.6077e-02]],

         [[ 3.9672e-02, -3.3472e-02,  4.4796e-02],
          [ 2.8629e-03,  4.0316e-02, -3.1764e-02],
          [ 1.3721e-03,  9.1851e-03, -3.6847e-02]],

         [[-2.6687e-02,  3.2899e-02,  4.3571e-02],
          [ 2.7226e-02, -4.4573e-02,  5.8303e-02],
          [ 1.4434e-02, -1.7598e-02, -1.4070e-02]],

         [[-5.0248e-02, -2.2310e-02,  5.2256e-02],
          [ 9.2271e-03,  1.2217e-02, -3.6595e-04],
          [ 1.1767e-02,  4.9497e-02,  2.8346e-02]],

         [[-2.1393e-02,  2.0516e-02, -4.6311e-02],
          [-4.3981e-02,  3.1623e-02, -4.8965e-02],
          [ 3.2454e-02,  4.7075e-02,  2.2371e-02]],

         [[-9.5665e-05,  3.6995e-02, -2.3175e-03],
          [ 5.1632e-02,  4.1093e-02,  4.5548e-02],
          [-5.8670e-02,  3.0358e-02,  1.7823e-02]],

         [[ 1.8808e-02,  1.7017e-02, -5.0296e-02],
          [-2.7251e-02, -1.3668e-02, -7.9000e-03],
          [ 2.6957e-02,  3.4390e-02, -5.8761e-03]],

         [[-3.4457e-02,  1.9855e-02, -9.4396e-03],
          [-5.0990e-02, -3.3142e-02,  6.2813e-03],
          [-4.2918e-03, -1.9293e-02,  2.9790e-02]],

         [[-4.4416e-02,  3.0278e-02, -2.9035e-02],
          [-2.3325e-02,  9.7327e-03,  4.5298e-02],
          [ 4.6994e-02, -2.0963e-02, -4.1759e-02]],

         [[-2.6844e-02, -1.8115e-02, -2.6700e-02],
          [-3.0433e-02,  5.1159e-02,  5.4060e-02],
          [-4.6110e-02, -4.1899e-02, -1.5811e-02]],

         [[ 4.5249e-02,  4.6074e-02, -5.3418e-02],
          [ 4.8595e-02,  4.0988e-02,  4.5738e-02],
          [-3.8331e-03, -3.7826e-02, -2.0246e-02]],

         [[ 2.5284e-02,  3.2662e-02,  3.6226e-02],
          [-2.5077e-02,  5.4760e-03,  3.0988e-02],
          [ 5.4402e-02, -5.4094e-02, -4.9499e-02]],

         [[ 5.6957e-02, -2.3987e-02,  5.3249e-03],
          [ 3.0543e-02,  4.7984e-02, -2.0228e-02],
          [-4.2541e-02,  1.4649e-02, -2.6899e-02]],

         [[ 5.7028e-02,  4.1110e-02, -5.2202e-02],
          [-1.1201e-02, -3.1348e-02,  4.4283e-02],
          [-4.9472e-02, -1.6368e-02,  5.6092e-02]],

         [[-6.9725e-04, -4.1230e-02,  3.7177e-03],
          [ 2.0120e-02, -8.3753e-03, -4.9129e-02],
          [-5.4683e-02,  3.9703e-02, -1.0757e-02]]]], device='cuda:0')

----------------------feature_head.bias----------------------
tensor([-0.0425,  0.0074,  0.0230], device='cuda:0')

----------------------colour_head.0.weight----------------------
tensor([[[[ 5.1990e-02,  5.2027e-02, -5.2621e-02],
          [ 7.2796e-03,  1.1641e-03,  5.1065e-02],
          [ 6.0724e-03,  5.0312e-02, -4.6903e-02]],

         [[-2.3208e-02,  1.1991e-02, -5.6079e-02],
          [ 5.5451e-02,  1.4763e-02,  2.1945e-02],
          [-3.9839e-02,  3.7942e-02, -3.1503e-02]],

         [[-1.3372e-02, -2.7935e-02, -5.3287e-02],
          [ 3.8884e-02, -2.6139e-02,  2.5036e-02],
          [-5.3353e-02, -4.8400e-02, -4.0950e-02]],

         [[-5.0326e-02, -3.2065e-04,  1.9343e-02],
          [-3.6134e-02, -2.8388e-02,  5.0877e-02],
          [ 5.1990e-02, -2.1483e-02, -5.3961e-02]],

         [[ 2.6692e-02,  3.3273e-02, -2.3759e-03],
          [-3.8780e-02, -4.3796e-02,  5.2358e-03],
          [ 4.1123e-03, -1.1062e-02,  2.8238e-02]],

         [[ 5.4153e-02,  4.7374e-02, -4.2132e-02],
          [ 3.6991e-02, -3.0749e-02,  5.3808e-02],
          [-5.0303e-02, -1.9862e-03,  3.7269e-02]],

         [[-1.3405e-02,  6.6808e-03, -4.1195e-02],
          [-2.4997e-02, -2.8632e-02,  4.3955e-02],
          [ 4.3053e-02,  1.6608e-03, -5.8599e-02]],

         [[-5.1682e-03,  4.3512e-02, -2.0968e-02],
          [-5.1908e-02,  1.4804e-02,  5.0683e-02],
          [ 2.7769e-02,  5.5165e-02, -2.8700e-02]],

         [[ 3.0912e-02, -8.5362e-03, -6.3235e-03],
          [ 5.6528e-02,  1.6403e-02, -2.9984e-02],
          [ 3.2426e-02, -3.2943e-02, -1.9215e-03]],

         [[-5.6253e-02, -1.7544e-02, -1.1573e-02],
          [-5.0824e-03,  2.0462e-02,  1.9657e-02],
          [ 1.0836e-02,  3.3287e-02, -3.4737e-02]],

         [[ 1.7020e-02,  3.8845e-02, -1.2070e-02],
          [-1.1197e-02,  1.9456e-02, -5.8453e-02],
          [ 5.6721e-02,  3.7254e-02, -4.2922e-02]],

         [[-2.3499e-02, -4.3733e-02, -3.0651e-02],
          [ 1.2862e-02, -4.5104e-03,  3.9643e-02],
          [ 3.4825e-02,  4.9115e-02, -8.3872e-03]],

         [[-4.5489e-02, -2.2974e-02,  4.8416e-02],
          [-5.3275e-02,  4.9769e-02,  3.9352e-02],
          [-2.4763e-02, -4.5260e-03, -3.1109e-02]],

         [[ 4.6068e-02, -6.8582e-03,  1.0210e-02],
          [-1.3117e-02,  4.4531e-02, -1.7750e-03],
          [ 4.2526e-02,  1.7097e-02,  3.2573e-04]],

         [[ 3.5985e-02,  3.8577e-03,  3.7802e-03],
          [-2.2852e-02, -3.4647e-02, -2.6061e-02],
          [-5.5428e-02,  4.5489e-02,  4.0323e-02]],

         [[-2.5976e-02,  4.2370e-02, -5.2832e-02],
          [-5.3247e-02,  4.9497e-02,  4.5303e-03],
          [ 1.1702e-03, -1.1861e-02,  5.4833e-02]],

         [[ 1.2507e-02, -4.7110e-03,  5.4629e-02],
          [ 1.2282e-03, -5.6367e-02,  2.5716e-02],
          [ 2.5778e-02, -3.4901e-02,  1.0219e-02]],

         [[ 1.6851e-03, -8.9753e-03, -8.8471e-03],
          [ 3.3924e-02,  9.6817e-03, -5.4393e-02],
          [ 5.7758e-02,  2.4800e-02, -5.0511e-02]],

         [[ 4.5918e-02, -4.1825e-02, -1.3166e-02],
          [-1.8929e-02, -1.9887e-02,  9.4204e-03],
          [ 1.0257e-02,  1.8892e-02,  8.1126e-03]],

         [[-4.8579e-02,  8.0943e-03, -2.6047e-03],
          [-1.4522e-02, -5.0880e-02, -5.4402e-02],
          [ 4.0720e-02, -3.0314e-02,  3.2480e-02]],

         [[ 4.0176e-02,  2.0720e-02, -2.0479e-02],
          [-2.8611e-02,  4.9196e-02,  4.6144e-02],
          [ 3.4683e-02,  5.0974e-02, -4.6949e-02]],

         [[ 5.6133e-03, -5.0205e-02,  1.4924e-02],
          [ 1.9684e-03, -5.4750e-02, -1.4518e-02],
          [-3.7493e-03, -7.8935e-03,  3.4852e-02]],

         [[-4.8017e-02, -3.8147e-02, -1.3982e-02],
          [ 3.6883e-02, -4.8928e-02,  3.6603e-02],
          [ 2.3012e-02,  3.8460e-02, -2.7697e-02]],

         [[-3.9662e-02,  1.8389e-02,  1.5738e-02],
          [ 4.7550e-02,  5.7080e-03,  2.7592e-02],
          [-1.6393e-02, -1.1183e-02, -3.5425e-02]],

         [[ 3.1102e-02,  2.2770e-02, -4.2098e-02],
          [ 1.7771e-02,  3.7341e-02,  3.0965e-02],
          [ 2.8895e-02, -5.5682e-02,  1.9558e-02]],

         [[ 3.4691e-02, -2.1525e-02, -1.4810e-02],
          [-1.6750e-02,  3.9458e-02, -2.8760e-02],
          [ 7.6647e-03,  5.6989e-02,  4.8979e-02]],

         [[ 2.4305e-02,  4.3602e-02, -4.4890e-02],
          [ 4.9510e-03, -3.8953e-02, -2.4428e-02],
          [ 4.7995e-02,  4.6307e-02,  4.0179e-02]],

         [[-2.8871e-02, -1.1875e-02,  5.4819e-02],
          [ 2.4653e-02, -2.7199e-02,  4.4176e-02],
          [-2.1911e-02,  5.3770e-02, -3.0909e-02]],

         [[ 5.2130e-03, -2.4191e-02, -3.6436e-02],
          [-1.3694e-02,  1.6098e-02, -1.9177e-02],
          [ 4.3346e-02, -2.2632e-02, -2.2270e-02]],

         [[-3.8385e-02, -2.6920e-02,  4.1207e-02],
          [ 5.6362e-02, -4.5563e-02,  2.1187e-02],
          [ 3.4182e-02, -3.0340e-02, -5.2637e-02]],

         [[ 1.4868e-02, -5.3764e-02,  1.2578e-02],
          [ 5.0835e-02,  3.2762e-03,  4.0290e-02],
          [ 3.8763e-02,  3.2903e-02, -1.9573e-02]],

         [[-2.4107e-02, -5.3750e-02, -3.4537e-02],
          [ 3.1722e-02,  2.5779e-02, -3.3496e-02],
          [ 8.5020e-03, -8.7120e-03,  2.9698e-02]]],


        [[[-3.2150e-02, -2.3728e-03,  1.4005e-02],
          [ 7.4528e-03, -1.5850e-02,  3.3987e-02],
          [-3.9526e-02, -1.3005e-02, -5.1342e-02]],

         [[ 2.6453e-02, -2.9111e-02,  2.9498e-02],
          [-7.3661e-03, -2.3610e-02,  4.5005e-02],
          [-4.1415e-02,  3.3094e-02,  5.0482e-02]],

         [[-5.4910e-02,  2.3807e-02, -5.1728e-02],
          [ 3.1422e-02, -3.7204e-02, -1.7378e-02],
          [-2.9155e-02,  2.7139e-02, -4.5385e-03]],

         [[-4.7259e-02, -4.4014e-02, -5.1000e-03],
          [-3.6501e-02,  6.6462e-03,  4.2083e-02],
          [ 2.8886e-02,  1.1941e-02,  5.7156e-02]],

         [[ 1.7916e-02, -9.0529e-03, -4.4092e-02],
          [ 9.4559e-03, -4.3630e-02, -4.4778e-03],
          [-4.6705e-02, -2.8673e-02, -2.4418e-02]],

         [[ 5.9244e-03,  1.0870e-02, -4.0565e-03],
          [-2.9222e-02, -5.5203e-02,  1.8144e-02],
          [ 5.5040e-02,  3.9663e-02, -3.9564e-02]],

         [[-5.0807e-02, -5.1029e-02, -4.1232e-02],
          [-3.8776e-02,  5.4453e-02, -1.5983e-02],
          [ 3.0387e-02,  2.4279e-02,  2.1922e-02]],

         [[-5.7549e-02,  5.7397e-02,  3.6416e-02],
          [-5.4921e-02, -3.8733e-02,  2.4536e-02],
          [-1.2133e-02, -4.1446e-02,  1.0840e-02]],

         [[-5.5361e-02,  4.7424e-02,  4.9015e-02],
          [ 3.0841e-02,  2.7406e-02, -3.6616e-02],
          [-5.9592e-03,  2.9217e-02,  1.4418e-02]],

         [[ 4.8439e-02,  1.3294e-02, -4.6925e-02],
          [-3.7496e-02,  4.1801e-02,  3.6526e-02],
          [ 1.4767e-02,  8.5618e-03,  3.4463e-02]],

         [[-5.7639e-02, -5.6745e-02, -2.9140e-02],
          [-2.8135e-02, -6.7668e-03,  2.5519e-02],
          [-1.5841e-02,  1.1832e-03, -4.5321e-02]],

         [[-2.4485e-02,  4.6138e-02,  4.6901e-02],
          [-1.4878e-02,  2.3106e-02,  4.8707e-02],
          [ 4.3485e-02, -1.2155e-03, -3.8042e-02]],

         [[-1.7576e-02,  3.1784e-02, -2.6931e-02],
          [ 3.0115e-02, -4.2463e-02,  2.5761e-02],
          [ 3.6895e-02, -1.0403e-02,  5.8398e-02]],

         [[ 3.5873e-02,  1.2854e-03, -1.2890e-02],
          [ 4.4351e-03, -3.2963e-02, -8.5764e-03],
          [-5.4450e-02,  1.9809e-02,  6.9114e-03]],

         [[-4.5994e-02, -1.3289e-02,  2.0656e-02],
          [-3.7260e-02,  2.3786e-02, -4.2700e-02],
          [ 3.1374e-03, -7.8732e-03, -4.3399e-02]],

         [[-9.4330e-03, -2.8019e-02, -1.0622e-02],
          [ 6.7104e-03, -9.3221e-03, -6.6960e-03],
          [ 4.7112e-02,  4.5480e-02, -3.0444e-02]],

         [[ 7.7867e-03,  2.2133e-02,  3.9503e-03],
          [ 4.6210e-03, -2.2628e-02,  1.0765e-02],
          [-3.4191e-02, -1.2549e-02, -2.5847e-02]],

         [[ 2.0163e-02,  2.0563e-02, -5.0493e-02],
          [-4.6469e-02,  1.1079e-03,  1.7712e-02],
          [-5.6447e-02,  4.5986e-03, -3.5230e-02]],

         [[-5.0847e-02,  5.1685e-02, -3.7790e-02],
          [-2.8104e-02,  5.6954e-02, -3.5252e-02],
          [-2.4030e-02, -3.5606e-02, -3.0927e-02]],

         [[ 6.9223e-03,  3.0727e-02,  1.9235e-02],
          [-1.7011e-02,  1.5598e-02, -4.3331e-02],
          [ 4.4341e-02, -4.2115e-02,  2.7057e-02]],

         [[-4.5454e-02, -2.5041e-02, -5.3612e-02],
          [ 8.7668e-03,  2.9296e-02, -4.0838e-02],
          [ 2.1646e-02, -1.3757e-02,  1.2173e-02]],

         [[-4.0267e-02, -4.3672e-02, -8.5727e-03],
          [ 2.3510e-02, -5.7433e-02, -3.8587e-02],
          [-4.4706e-02, -1.0070e-02, -4.2296e-02]],

         [[-3.1744e-02, -2.7076e-02, -3.9987e-02],
          [-3.4601e-02, -2.5740e-02, -1.5902e-02],
          [ 4.7615e-02, -2.4485e-03,  5.0050e-02]],

         [[ 5.4131e-03,  2.7577e-02,  2.1004e-02],
          [-3.4292e-03,  5.5518e-02, -3.4049e-02],
          [-1.6097e-02,  1.0496e-02,  4.6709e-03]],

         [[-2.2366e-02,  3.2878e-02, -5.3630e-02],
          [ 5.3938e-02,  1.4987e-02, -8.6152e-03],
          [ 5.3066e-02, -2.2169e-02, -5.7786e-02]],

         [[-4.2054e-02,  4.7735e-02, -3.1442e-02],
          [ 1.6895e-02, -1.7014e-02,  3.7813e-02],
          [-2.4679e-02,  5.0355e-02,  5.2230e-02]],

         [[ 3.5240e-03, -4.4858e-02,  8.6213e-03],
          [-2.7894e-02, -4.3562e-02, -1.4470e-02],
          [-9.4563e-03,  1.0758e-02, -7.5089e-03]],

         [[ 1.0297e-02, -8.5241e-03, -5.8524e-02],
          [ 2.5249e-03,  1.5749e-02,  4.5972e-02],
          [-5.2034e-02, -2.5751e-02, -3.6348e-02]],

         [[-1.5877e-02, -2.7405e-02,  5.3152e-02],
          [-4.3192e-02, -4.0717e-02, -6.0271e-03],
          [ 1.3950e-02,  5.3605e-02,  1.2571e-02]],

         [[ 5.1018e-02,  1.5136e-02, -5.4223e-02],
          [ 1.5665e-02,  9.5132e-03, -1.3581e-02],
          [ 1.8968e-02, -3.4347e-02,  5.3287e-02]],

         [[-3.9964e-02,  5.7936e-02,  4.3013e-02],
          [ 4.1890e-02, -1.6050e-02, -5.2143e-02],
          [ 4.0780e-02, -4.7883e-02, -4.7075e-02]],

         [[-3.6246e-03, -4.4824e-02,  1.1339e-02],
          [ 4.6859e-02, -1.2351e-02, -1.6824e-02],
          [-3.1075e-02,  1.9789e-02,  9.6289e-03]]],


        [[[ 4.5186e-02, -5.7605e-02,  1.6959e-02],
          [-3.8127e-02,  3.2811e-02, -1.5911e-02],
          [ 5.2265e-02, -1.9606e-02, -5.7698e-02]],

         [[-7.1225e-03,  5.5118e-02, -3.2350e-02],
          [ 9.1527e-03, -2.0590e-02, -2.4915e-02],
          [ 2.4290e-02, -1.9753e-02, -4.0868e-02]],

         [[ 5.4077e-02, -4.6514e-02, -9.7134e-03],
          [ 5.7385e-02, -6.5353e-03,  2.1535e-02],
          [ 4.6673e-02, -1.1104e-03, -1.0583e-02]],

         [[-1.0870e-02,  2.2305e-02, -7.8268e-03],
          [ 5.4136e-02,  7.2616e-04, -4.7292e-02],
          [ 4.7774e-02,  1.3756e-02,  1.7938e-02]],

         [[ 9.9734e-04,  4.0939e-02, -4.2263e-02],
          [-1.3722e-02, -5.5407e-02, -8.5180e-03],
          [-5.8780e-02,  5.0855e-02, -4.8637e-02]],

         [[-3.1797e-03, -3.2596e-02,  2.1781e-02],
          [ 2.8558e-03,  3.9599e-03,  3.6920e-02],
          [ 4.8459e-02,  5.5198e-02, -2.2471e-02]],

         [[-2.6663e-02,  4.8791e-02,  2.6102e-02],
          [ 6.7999e-03, -2.9972e-02, -4.5250e-02],
          [ 3.4463e-02,  1.0468e-02,  5.3107e-02]],

         [[ 2.2482e-03,  4.5044e-02,  6.0994e-03],
          [ 3.1044e-03,  1.3140e-02,  4.5916e-02],
          [ 3.6300e-02,  5.3043e-02,  9.3757e-03]],

         [[ 2.9933e-02,  1.1823e-02,  4.1373e-02],
          [ 2.3201e-02, -7.1349e-03,  1.1417e-02],
          [-3.9867e-03, -2.2148e-02, -2.6380e-02]],

         [[-1.2471e-03,  4.5029e-02,  5.0520e-02],
          [ 3.8036e-02,  2.9141e-02, -2.8186e-02],
          [ 7.8019e-03,  5.3018e-02,  3.3425e-02]],

         [[-4.2937e-02, -4.0579e-02,  5.6240e-02],
          [ 3.3914e-03, -5.1472e-02,  1.3888e-02],
          [ 1.8355e-02, -7.3117e-03,  3.2552e-02]],

         [[-4.6963e-02,  8.4584e-03, -1.6463e-02],
          [-2.9909e-03,  3.5579e-04,  5.6261e-02],
          [-1.7472e-02, -5.7235e-02, -3.6810e-02]],

         [[-2.2738e-02,  4.8393e-02,  1.7485e-02],
          [-3.7481e-02,  7.8397e-03,  2.8510e-02],
          [-6.6473e-03,  1.6161e-03, -3.7564e-02]],

         [[ 7.6335e-03, -5.0324e-02, -2.0172e-02],
          [ 1.1780e-02,  1.7570e-02, -4.5981e-02],
          [-6.1452e-03,  3.4871e-02,  5.6088e-02]],

         [[-7.3285e-03,  2.4312e-02,  3.5499e-03],
          [-3.7652e-02,  6.0007e-03, -3.7418e-02],
          [-2.6751e-03, -4.6247e-02, -3.1453e-02]],

         [[-1.6590e-02, -5.2295e-03, -4.6627e-02],
          [-2.0039e-02, -5.8228e-02, -4.5219e-02],
          [-5.4659e-02, -3.8831e-02, -3.4272e-03]],

         [[ 3.8693e-02,  2.6994e-03, -5.5576e-02],
          [ 4.8996e-02, -3.9514e-02, -2.5122e-02],
          [ 1.4695e-02, -1.8772e-02,  6.2778e-03]],

         [[-1.5950e-02, -2.2951e-03, -5.5564e-02],
          [ 1.4371e-03,  6.6104e-03,  3.6007e-02],
          [ 7.9308e-05,  3.5164e-02,  1.4962e-03]],

         [[ 2.8960e-02, -2.1731e-02,  6.8938e-03],
          [ 8.2382e-04, -4.4582e-02,  5.8478e-02],
          [ 4.0237e-02,  2.8851e-02, -4.8647e-02]],

         [[ 5.5259e-02,  5.5719e-02, -2.7044e-03],
          [-6.2681e-03,  4.9357e-02, -4.8652e-02],
          [ 5.6127e-02, -1.4941e-02, -2.6731e-02]],

         [[ 2.8394e-03,  1.7326e-02,  5.9289e-03],
          [ 3.7928e-02, -4.7308e-02, -4.1000e-03],
          [-4.0928e-03, -4.0606e-02, -4.5093e-02]],

         [[-2.1459e-02, -2.0352e-02,  4.5512e-03],
          [-2.5397e-02,  5.4078e-02,  2.1396e-02],
          [-2.8815e-02, -7.7617e-03, -5.0699e-02]],

         [[ 2.7042e-02, -2.9520e-02,  4.5698e-02],
          [ 3.1916e-02, -2.0912e-02,  6.9269e-03],
          [-9.3534e-03, -4.9198e-02, -4.0794e-02]],

         [[-3.1429e-02,  5.6149e-02, -4.1316e-02],
          [ 2.6453e-02, -2.3593e-02,  2.0359e-02],
          [ 4.1994e-02,  4.0095e-02, -5.0107e-02]],

         [[ 2.6211e-03,  1.5520e-02,  7.0793e-03],
          [ 2.5302e-03,  5.7696e-02, -4.6290e-02],
          [ 1.2095e-02,  1.2124e-02,  4.8888e-02]],

         [[ 3.0097e-02, -2.1669e-02, -4.2790e-03],
          [-4.3964e-02,  4.7493e-03,  6.2431e-03],
          [ 5.0935e-02,  5.2388e-02, -4.1490e-02]],

         [[ 5.6360e-02, -5.1582e-02,  1.5663e-02],
          [ 2.9214e-02,  3.1819e-02,  4.5152e-02],
          [-1.6009e-02,  5.0180e-02,  6.2402e-03]],

         [[ 1.1244e-03, -2.0065e-02, -5.1347e-02],
          [-1.6298e-02, -1.9583e-03,  6.6201e-03],
          [-8.9841e-03, -3.0497e-03,  2.7891e-03]],

         [[-3.2690e-02, -3.8882e-03, -5.0199e-02],
          [ 2.8296e-03,  5.1761e-02, -2.8004e-02],
          [ 3.5719e-02, -1.9178e-02, -2.5541e-02]],

         [[ 2.8009e-02, -5.7665e-02,  3.7342e-02],
          [ 3.8868e-02,  2.0385e-02, -1.9745e-03],
          [-2.7760e-02, -3.7582e-02,  5.3254e-02]],

         [[ 2.7816e-02,  3.1226e-02, -3.6833e-02],
          [ 3.5258e-02, -3.6241e-02,  4.4515e-02],
          [ 4.5430e-02, -5.3787e-02, -5.5038e-02]],

         [[-5.1903e-02, -2.7518e-02,  1.6553e-02],
          [-5.2497e-02,  4.9589e-02, -3.7811e-02],
          [-1.8801e-02,  1.3761e-02, -3.3305e-02]]]], device='cuda:0')

----------------------colour_head.0.bias----------------------
tensor([-0.0026, -0.0512, -0.0527], device='cuda:0')

----------------------blending_mask_head.0.weight----------------------
tensor([[[[ 3.8243e-03, -2.3822e-02,  4.2128e-02],
          [-3.3639e-02,  3.3004e-02,  4.3360e-02],
          [-1.5712e-02, -1.1060e-02,  1.8392e-02]],

         [[-3.1953e-02,  1.6501e-02, -1.7224e-02],
          [-1.4685e-02, -4.6748e-02,  4.7351e-02],
          [-5.0999e-02, -1.0687e-02,  2.3954e-02]],

         [[-4.1017e-02,  4.7455e-03,  5.6741e-02],
          [ 1.7125e-02,  4.0757e-02, -4.4494e-02],
          [ 3.0756e-02,  2.7960e-03,  6.7909e-03]],

         [[-2.1607e-02, -1.2944e-02,  3.5985e-02],
          [ 3.6019e-02, -4.6230e-02,  5.0355e-02],
          [ 5.5723e-02, -2.0723e-02,  7.6134e-03]],

         [[ 3.2125e-02, -5.7558e-02,  2.1691e-02],
          [ 5.1730e-02, -1.6690e-02, -4.8346e-02],
          [-3.6468e-02,  3.7555e-02, -3.7992e-03]],

         [[-3.2103e-03,  9.3500e-03,  2.0087e-02],
          [ 3.4497e-02,  2.6690e-03, -5.7348e-02],
          [ 3.8512e-02,  3.7047e-02,  4.0607e-03]],

         [[-3.2959e-02, -1.3062e-02,  2.5942e-02],
          [ 4.3724e-02, -5.2641e-02,  9.8341e-03],
          [ 5.3096e-03,  1.3792e-02, -1.4492e-02]],

         [[-5.1509e-03, -5.7120e-02, -4.5715e-03],
          [-4.9492e-02,  5.0392e-02,  2.3317e-02],
          [ 2.1652e-02, -3.0578e-02, -2.4750e-02]],

         [[ 6.6404e-03, -1.0344e-02, -9.5308e-04],
          [ 5.7166e-03,  3.5605e-04, -5.0685e-02],
          [ 5.6274e-02, -2.4757e-02,  8.0630e-03]],

         [[-3.8232e-02,  5.1918e-02, -2.7394e-02],
          [ 3.2390e-02,  2.2474e-02, -1.0178e-02],
          [ 1.3345e-02, -4.3490e-02, -5.3049e-02]],

         [[ 3.1935e-02,  3.6939e-02, -4.8641e-02],
          [-1.9747e-02, -5.4280e-02, -4.8739e-02],
          [ 9.4719e-03, -1.4152e-02,  5.6359e-02]],

         [[ 4.3975e-02, -3.4836e-02,  4.7956e-02],
          [ 3.4365e-02,  5.2329e-02, -1.6092e-02],
          [-2.5145e-03, -3.1879e-02, -2.7069e-02]],

         [[ 5.3714e-02,  4.5019e-02, -5.8811e-02],
          [ 3.0664e-02, -2.1306e-02, -4.6372e-02],
          [ 2.6935e-02,  9.6960e-03, -1.6660e-02]],

         [[ 5.8721e-02, -3.6517e-02,  3.5050e-02],
          [ 3.6885e-02, -2.9280e-02,  3.2748e-02],
          [-2.9344e-02, -2.7205e-02,  4.0258e-02]],

         [[ 4.9470e-02, -3.9690e-02,  5.6922e-02],
          [-5.6402e-02,  2.4438e-02, -5.1858e-02],
          [-1.1488e-02, -4.9481e-02,  4.7728e-02]],

         [[-3.4637e-02, -5.2112e-02, -2.5718e-02],
          [ 3.7507e-02,  2.2570e-02,  2.4030e-02],
          [ 4.3595e-02, -1.4357e-02,  3.2243e-02]],

         [[-5.3732e-02, -4.7024e-02,  3.2458e-02],
          [-4.2276e-02,  1.6599e-02,  1.8116e-02],
          [ 3.4208e-02,  4.3478e-02,  1.4858e-02]],

         [[-4.6730e-03, -5.1309e-02, -2.9988e-02],
          [-1.5009e-02,  2.4722e-02, -3.6166e-02],
          [-1.5680e-02, -1.2948e-03, -7.7945e-04]],

         [[-4.1574e-02,  3.4282e-02,  7.3302e-03],
          [ 5.0026e-02, -4.4623e-02,  3.8444e-04],
          [ 1.7083e-02,  2.7825e-02, -4.6006e-02]],

         [[-2.7248e-02, -2.6490e-04, -3.7192e-02],
          [-4.6929e-02,  7.5188e-03,  3.4164e-02],
          [-5.7062e-02, -1.8654e-02, -5.8325e-02]],

         [[ 1.0489e-02,  2.0073e-02, -5.3676e-02],
          [ 1.5515e-02, -1.9750e-02, -1.1025e-02],
          [-4.4056e-02, -6.8008e-03,  2.7534e-02]],

         [[-3.2256e-02, -2.0441e-02, -3.4900e-02],
          [-2.7112e-02,  4.9225e-02,  4.0200e-02],
          [-2.6626e-02,  5.8251e-02,  2.2109e-02]],

         [[ 1.9063e-02, -4.5086e-02, -1.4642e-02],
          [ 5.2047e-02,  3.8925e-02,  3.0392e-02],
          [-2.8381e-02, -1.4622e-02,  2.4339e-02]],

         [[ 1.9925e-02, -1.8051e-02, -2.9947e-02],
          [-4.7556e-02, -4.6942e-02, -2.4364e-02],
          [ 3.1081e-02, -2.8656e-02,  1.9180e-02]],

         [[-4.1334e-02, -1.8556e-03, -3.5184e-02],
          [-2.7217e-02,  3.5470e-02,  1.5600e-02],
          [ 5.1993e-02,  1.5030e-02,  1.4775e-03]],

         [[ 4.7799e-02, -4.1305e-02,  3.4046e-02],
          [-1.5902e-04, -1.7156e-03, -3.6545e-02],
          [-2.6645e-04, -3.7892e-02,  3.3961e-02]],

         [[-3.9134e-02, -6.0324e-03,  5.5844e-02],
          [-4.9825e-03, -4.7262e-02,  1.4819e-02],
          [ 1.5168e-02, -2.9269e-02, -5.0283e-02]],

         [[-5.8858e-02, -3.1825e-02,  1.5390e-03],
          [-5.2834e-02, -4.9356e-02,  1.8131e-02],
          [-4.7566e-02,  3.6859e-04,  1.6105e-02]],

         [[ 5.2304e-02, -9.8743e-05,  1.4547e-02],
          [ 4.5515e-02,  1.5156e-02,  5.2477e-02],
          [-8.8480e-03,  5.8018e-02, -3.6679e-02]],

         [[ 4.0794e-02,  8.9812e-03, -2.4498e-03],
          [ 5.6351e-02,  2.8435e-02,  9.0100e-03],
          [-1.3810e-02,  5.0317e-02,  3.6148e-03]],

         [[ 1.3639e-02, -3.9067e-03, -2.2013e-02],
          [-3.1424e-02,  3.2275e-02,  1.0600e-02],
          [ 9.5203e-03,  2.8448e-03, -2.1418e-02]],

         [[-2.4275e-03, -2.9674e-02,  5.9736e-03],
          [ 2.7001e-02, -5.6317e-02,  5.0635e-02],
          [-1.7429e-02,  4.7011e-02,  4.8313e-02]]]], device='cuda:0')

----------------------blending_mask_head.0.bias----------------------
tensor([0.0247], device='cuda:0')
